-- phpMyAdmin SQL Dump
-- version 4.7.4
-- https://www.phpmyadmin.net/
--
-- Host: 127.0.0.1
-- Generation Time: 25-Ago-2020 às 20:04
-- Versão do servidor: 10.1.30-MariaDB
-- PHP Version: 7.2.1

SET SQL_MODE = "NO_AUTO_VALUE_ON_ZERO";
SET AUTOCOMMIT = 0;
START TRANSACTION;
SET time_zone = "+00:00";


/*!40101 SET @OLD_CHARACTER_SET_CLIENT=@@CHARACTER_SET_CLIENT */;
/*!40101 SET @OLD_CHARACTER_SET_RESULTS=@@CHARACTER_SET_RESULTS */;
/*!40101 SET @OLD_COLLATION_CONNECTION=@@COLLATION_CONNECTION */;
/*!40101 SET NAMES utf8mb4 */;

--
-- Database: `mortal_kombat`
--

-- --------------------------------------------------------

--
-- Estrutura da tabela `cenario`
--

CREATE TABLE `cenario` (
  `id` int(11) NOT NULL,
  `nome` varchar(100) DEFAULT NULL,
  `mundo_id` int(11) NOT NULL
) ENGINE=InnoDB DEFAULT CHARSET=utf8;

--
-- Extraindo dados da tabela `cenario`
--

INSERT INTO `cenario` (`id`, `nome`, `mundo_id`) VALUES
(1, 'Ponte', 1),
(2, 'Balcony', 1),
(3, 'Bank', 1),
(4, 'Bell Tower', 1),
(5, 'Bridge', 1),
(6, 'Graveyard', 1),
(7, 'Hell', 1),
(8, 'Hidden Portal', 1),
(9, 'Jade\'s Desert', 1),
(10, 'Kahn\'s Kave', 1),
(11, 'Lost Bridge', 2),
(12, 'Noob Saibot\'s Dorfen', 2),
(13, 'Pit III', 2),
(14, 'Rooftop', 2),
(15, 'Soul Chamber', 2),
(16, 'Star Bridge', 2),
(17, 'Street', 2),
(18, 'Subway', 2),
(19, 'The Temple', 2),
(20, 'Waterfront', 2);

-- --------------------------------------------------------

--
-- Estrutura da tabela `luta`
--

CREATE TABLE `luta` (
  `id` int(11) NOT NULL,
  `lutador_id1` int(11) NOT NULL,
  `lutador_id2` int(11) NOT NULL,
  `cenario_id` int(11) NOT NULL,
  `vencedor_id` int(11) NOT NULL,
  `data` date NOT NULL
) ENGINE=InnoDB DEFAULT CHARSET=utf8;

--
-- Extraindo dados da tabela `luta`
--

INSERT INTO `luta` (`id`, `lutador_id1`, `lutador_id2`, `cenario_id`, `vencedor_id`, `data`) VALUES
(1, 53, 41, 3, 41, '2020-07-28'),
(2, 53, 62, 5, 62, '2020-10-28'),
(3, 65, 77, 4, 65, '2019-12-23'),
(4, 42, 48, 20, 42, '2019-10-30'),
(5, 15, 16, 19, 15, '2019-12-22'),
(6, 16, 28, 12, 16, '2019-10-11'),
(7, 42, 64, 20, 64, '2018-09-25'),
(8, 32, 25, 20, 25, '2020-11-08'),
(9, 11, 16, 18, 11, '2019-09-14'),
(10, 69, 56, 18, 56, '2019-12-03'),
(11, 43, 45, 11, 45, '2020-05-18'),
(12, 19, 20, 5, 19, '2020-08-29'),
(13, 55, 3, 17, 3, '2020-09-15'),
(14, 42, 53, 15, 53, '2019-11-27'),
(15, 22, 8, 1, 8, '2019-06-02'),
(16, 39, 62, 14, 39, '2019-12-08'),
(17, 46, 24, 4, 46, '2020-07-05'),
(18, 45, 75, 9, 45, '2019-08-12'),
(19, 56, 27, 19, 56, '2019-04-02'),
(20, 49, 45, 1, 49, '2020-05-03'),
(21, 59, 75, 8, 75, '2020-03-14'),
(22, 25, 36, 13, 25, '2018-10-19'),
(23, 17, 22, 15, 17, '2019-11-08'),
(24, 63, 76, 3, 76, '2018-02-28'),
(25, 27, 33, 7, 33, '2020-07-06'),
(26, 16, 16, 5, 16, '2020-11-12'),
(27, 36, 72, 15, 72, '2018-07-23'),
(28, 18, 69, 4, 69, '2018-01-18'),
(29, 1, 52, 17, 52, '2020-12-27'),
(30, 43, 61, 12, 61, '2020-08-29'),
(31, 7, 77, 15, 7, '2020-05-04'),
(32, 44, 51, 18, 44, '2020-01-25'),
(33, 3, 61, 7, 3, '2019-06-08'),
(34, 78, 37, 8, 78, '2019-11-05'),
(35, 37, 67, 5, 67, '2018-01-28'),
(36, 54, 25, 19, 25, '2018-08-17'),
(37, 63, 9, 3, 9, '2018-05-25'),
(38, 13, 42, 6, 13, '2020-10-08'),
(39, 67, 12, 1, 12, '2020-11-28'),
(40, 59, 60, 4, 60, '2020-07-05'),
(41, 25, 9, 10, 25, '2020-09-01'),
(42, 35, 44, 14, 35, '2019-01-18'),
(43, 63, 7, 15, 63, '2018-09-05'),
(44, 65, 48, 20, 48, '2019-05-21'),
(45, 11, 55, 7, 55, '2019-03-20'),
(46, 28, 72, 20, 72, '2020-07-18'),
(47, 2, 42, 9, 2, '2019-01-22'),
(48, 58, 70, 13, 70, '2018-03-05'),
(49, 7, 7, 4, 7, '2019-03-12'),
(50, 55, 48, 8, 48, '2019-02-22'),
(51, 65, 10, 17, 65, '2020-05-25'),
(52, 10, 75, 13, 10, '2018-01-12'),
(53, 66, 36, 1, 36, '2018-02-19'),
(54, 49, 47, 16, 49, '2018-08-10'),
(55, 30, 25, 14, 25, '2018-10-13'),
(56, 10, 43, 13, 10, '2018-02-02'),
(57, 71, 1, 2, 1, '2018-06-23'),
(58, 25, 58, 10, 58, '2019-03-25'),
(59, 42, 20, 5, 20, '2018-05-25'),
(60, 9, 50, 8, 9, '2018-06-10'),
(61, 3, 36, 18, 3, '2020-08-13'),
(62, 54, 4, 13, 4, '2019-05-03'),
(63, 27, 25, 13, 27, '2018-10-29'),
(64, 49, 30, 6, 49, '2018-02-09'),
(65, 29, 8, 5, 29, '2020-03-17'),
(66, 46, 53, 19, 53, '2020-06-03'),
(67, 48, 50, 14, 50, '2018-08-17'),
(68, 16, 30, 1, 16, '2019-01-13'),
(69, 33, 72, 8, 33, '2018-06-30'),
(70, 33, 5, 15, 33, '2018-05-27'),
(71, 68, 38, 15, 68, '2020-08-07'),
(72, 14, 43, 11, 43, '2020-04-21'),
(73, 32, 28, 6, 28, '2018-12-21'),
(74, 79, 38, 18, 38, '2020-12-09'),
(75, 25, 17, 12, 17, '2019-11-10'),
(76, 73, 73, 12, 73, '2018-08-03'),
(77, 39, 26, 4, 39, '2020-10-29'),
(78, 51, 54, 12, 51, '2020-08-28'),
(79, 14, 75, 15, 75, '2018-01-02'),
(80, 41, 64, 7, 41, '2019-10-30'),
(81, 76, 53, 7, 53, '2019-02-09'),
(82, 10, 19, 20, 10, '2018-02-19'),
(83, 69, 2, 15, 2, '2020-04-06'),
(84, 12, 59, 8, 12, '2018-08-24'),
(85, 29, 56, 8, 56, '2019-04-29'),
(86, 26, 37, 15, 26, '2020-12-13'),
(87, 44, 72, 6, 44, '2019-03-27'),
(88, 44, 71, 7, 44, '2018-04-04'),
(89, 77, 32, 2, 77, '2018-12-20'),
(90, 4, 36, 3, 4, '2020-06-28'),
(91, 75, 39, 6, 75, '2019-07-27'),
(92, 28, 22, 3, 22, '2020-10-07'),
(93, 45, 38, 19, 45, '2018-06-17'),
(94, 41, 15, 16, 15, '2019-01-13'),
(95, 4, 75, 16, 75, '2019-07-19'),
(96, 9, 5, 15, 9, '2019-08-05'),
(97, 21, 28, 13, 28, '2020-05-30'),
(98, 14, 50, 10, 50, '2018-11-28'),
(99, 70, 10, 8, 10, '2019-09-28'),
(100, 67, 44, 15, 44, '2020-07-25'),
(101, 6, 53, 14, 53, '2020-12-28'),
(102, 67, 52, 12, 52, '2020-05-21'),
(103, 40, 20, 3, 20, '2019-07-20'),
(104, 63, 4, 15, 63, '2020-06-26'),
(105, 3, 37, 14, 37, '2019-07-03'),
(106, 68, 6, 13, 6, '2020-01-27'),
(107, 35, 76, 20, 76, '2019-11-05'),
(108, 52, 49, 11, 52, '2018-12-05'),
(109, 71, 9, 9, 9, '2019-07-10'),
(110, 15, 74, 15, 15, '2018-08-16'),
(111, 18, 61, 1, 18, '2019-05-10'),
(112, 46, 45, 11, 46, '2018-07-02'),
(113, 61, 58, 10, 61, '2019-12-19'),
(114, 73, 3, 15, 3, '2019-06-07'),
(115, 9, 35, 15, 35, '2019-08-10'),
(116, 37, 40, 20, 40, '2019-05-24'),
(117, 4, 26, 6, 4, '2020-12-19'),
(118, 48, 61, 13, 48, '2020-04-20'),
(119, 26, 29, 7, 29, '2019-07-07'),
(120, 25, 54, 18, 25, '2019-05-18'),
(121, 22, 41, 2, 22, '2019-08-21'),
(122, 23, 2, 3, 2, '2019-09-20'),
(123, 54, 43, 7, 43, '2020-01-05'),
(124, 4, 59, 11, 4, '2018-09-12'),
(125, 19, 5, 3, 5, '2018-09-10'),
(126, 55, 35, 11, 35, '2018-07-09'),
(127, 42, 78, 4, 42, '2020-04-27'),
(128, 76, 16, 2, 76, '2019-08-27'),
(129, 12, 41, 6, 41, '2019-11-02'),
(130, 65, 24, 19, 24, '2019-06-18'),
(131, 53, 74, 12, 53, '2019-01-13'),
(132, 65, 38, 8, 38, '2019-02-18'),
(133, 33, 34, 5, 34, '2019-12-04'),
(134, 49, 70, 12, 49, '2020-02-18'),
(135, 71, 4, 14, 4, '2018-03-22'),
(136, 79, 75, 9, 75, '2020-11-15'),
(137, 34, 43, 2, 34, '2019-04-30'),
(138, 76, 44, 6, 76, '2018-10-12'),
(139, 71, 34, 18, 34, '2019-08-09'),
(140, 40, 5, 15, 40, '2018-08-02'),
(141, 52, 13, 9, 13, '2018-02-20'),
(142, 53, 3, 14, 53, '2019-08-12'),
(143, 15, 59, 5, 15, '2018-09-08'),
(144, 69, 30, 5, 30, '2018-09-21'),
(145, 21, 44, 6, 44, '2019-09-10'),
(146, 3, 15, 4, 3, '2018-10-28'),
(147, 66, 23, 14, 66, '2018-09-17'),
(148, 36, 70, 15, 70, '2020-04-01'),
(149, 30, 65, 13, 30, '2020-09-25'),
(150, 57, 3, 15, 57, '2018-06-15'),
(151, 28, 50, 13, 50, '2019-09-08'),
(152, 79, 73, 15, 79, '2019-10-11'),
(153, 18, 1, 13, 18, '2018-08-29'),
(154, 76, 45, 1, 76, '2019-06-08'),
(155, 69, 62, 1, 69, '2020-05-21'),
(156, 40, 29, 10, 40, '2019-04-10'),
(157, 5, 74, 2, 5, '2020-01-02'),
(158, 48, 75, 2, 75, '2019-08-07'),
(159, 32, 28, 2, 28, '2018-04-27'),
(160, 45, 6, 7, 45, '2020-12-07'),
(161, 27, 64, 13, 27, '2018-05-13'),
(162, 33, 18, 10, 18, '2019-07-16'),
(163, 21, 38, 6, 38, '2018-03-21'),
(164, 73, 38, 18, 38, '2019-06-14'),
(165, 77, 19, 8, 77, '2020-08-21'),
(166, 18, 18, 2, 18, '2020-07-11'),
(167, 14, 55, 4, 55, '2019-09-06'),
(168, 19, 30, 18, 19, '2019-03-21'),
(169, 68, 79, 17, 68, '2018-02-24'),
(170, 36, 42, 12, 36, '2019-12-12'),
(171, 58, 33, 11, 58, '2019-05-01'),
(172, 50, 40, 6, 40, '2018-12-04'),
(173, 14, 59, 3, 14, '2018-07-02'),
(174, 58, 56, 8, 58, '2020-07-07'),
(175, 66, 55, 9, 55, '2018-02-19'),
(176, 18, 27, 20, 18, '2019-01-18'),
(177, 6, 53, 5, 53, '2018-08-19'),
(178, 31, 22, 11, 31, '2019-02-26'),
(179, 61, 45, 14, 61, '2019-11-15'),
(180, 63, 65, 15, 65, '2019-10-05'),
(181, 19, 56, 14, 19, '2020-06-17'),
(182, 73, 78, 2, 73, '2020-03-20'),
(183, 43, 70, 4, 43, '2020-07-13'),
(184, 56, 79, 12, 79, '2018-10-17'),
(185, 36, 37, 10, 37, '2020-04-19'),
(186, 10, 51, 6, 10, '2018-08-29'),
(187, 44, 45, 16, 45, '2019-02-10'),
(188, 6, 1, 11, 1, '2020-03-07'),
(189, 13, 19, 14, 13, '2020-07-08'),
(190, 62, 2, 17, 2, '2019-02-12'),
(191, 56, 21, 5, 21, '2020-11-15'),
(192, 17, 26, 11, 26, '2018-12-20'),
(193, 60, 76, 4, 76, '2020-11-10'),
(194, 73, 25, 17, 25, '2020-01-13'),
(195, 26, 66, 3, 66, '2019-05-19'),
(196, 49, 72, 15, 72, '2019-12-04'),
(197, 18, 57, 17, 18, '2018-03-10'),
(198, 16, 24, 17, 16, '2018-06-05'),
(199, 26, 26, 11, 26, '2018-05-13'),
(200, 71, 21, 4, 71, '2018-05-23'),
(201, 23, 13, 10, 23, '2020-06-07'),
(202, 65, 59, 17, 65, '2018-10-21'),
(203, 8, 37, 7, 37, '2018-08-20'),
(204, 19, 55, 9, 19, '2020-08-11'),
(205, 70, 54, 2, 54, '2018-05-26'),
(206, 65, 45, 10, 65, '2018-12-27'),
(207, 72, 71, 7, 71, '2018-08-25'),
(208, 41, 34, 10, 41, '2018-02-21'),
(209, 8, 2, 9, 8, '2019-05-06'),
(210, 8, 31, 14, 31, '2020-03-06'),
(211, 41, 78, 3, 41, '2018-07-11'),
(212, 27, 29, 4, 27, '2018-05-20'),
(213, 76, 15, 5, 15, '2018-08-29'),
(214, 54, 78, 16, 78, '2018-05-01'),
(215, 7, 67, 14, 67, '2019-10-24'),
(216, 24, 22, 9, 22, '2018-07-08'),
(217, 30, 11, 19, 11, '2018-03-21'),
(218, 47, 40, 15, 47, '2018-09-07'),
(219, 54, 49, 16, 49, '2019-12-05'),
(220, 28, 73, 16, 28, '2020-10-29'),
(221, 53, 26, 9, 53, '2020-02-08'),
(222, 76, 23, 11, 23, '2019-02-23'),
(223, 43, 25, 5, 25, '2020-04-03'),
(224, 72, 58, 11, 72, '2020-10-08'),
(225, 44, 55, 14, 55, '2020-06-16'),
(226, 63, 34, 9, 34, '2020-04-26'),
(227, 10, 16, 18, 10, '2019-12-08'),
(228, 24, 26, 4, 26, '2020-04-04'),
(229, 78, 75, 18, 78, '2019-11-22'),
(230, 19, 8, 11, 19, '2018-01-20'),
(231, 37, 15, 17, 37, '2020-05-10'),
(232, 77, 31, 1, 77, '2020-05-26'),
(233, 75, 16, 11, 75, '2018-08-16'),
(234, 29, 4, 19, 29, '2018-12-09'),
(235, 54, 16, 15, 16, '2018-03-19'),
(236, 47, 46, 13, 47, '2020-11-11'),
(237, 53, 3, 2, 3, '2020-01-26'),
(238, 71, 64, 4, 71, '2019-07-24'),
(239, 16, 34, 11, 34, '2019-03-05'),
(240, 30, 78, 13, 30, '2020-09-19'),
(241, 33, 51, 5, 51, '2018-06-02'),
(242, 53, 65, 9, 53, '2018-01-07'),
(243, 35, 70, 6, 35, '2020-09-03'),
(244, 48, 14, 18, 48, '2019-09-22'),
(245, 69, 56, 15, 56, '2019-12-30'),
(246, 45, 9, 20, 9, '2018-06-06'),
(247, 64, 31, 16, 31, '2019-03-13'),
(248, 76, 45, 14, 76, '2020-01-05'),
(249, 23, 9, 16, 9, '2018-12-08'),
(250, 15, 37, 8, 37, '2020-09-13'),
(251, 5, 29, 8, 5, '2019-10-12'),
(252, 2, 37, 2, 37, '2020-11-21'),
(253, 35, 52, 17, 35, '2020-03-03'),
(254, 65, 56, 15, 65, '2019-10-12'),
(255, 33, 49, 8, 33, '2019-11-10'),
(256, 75, 61, 10, 75, '2019-05-22'),
(257, 68, 59, 14, 68, '2018-03-27'),
(258, 49, 40, 11, 49, '2019-10-17'),
(259, 59, 33, 6, 33, '2019-05-02'),
(260, 37, 40, 2, 37, '2020-08-21'),
(261, 35, 69, 18, 35, '2020-04-12'),
(262, 69, 26, 16, 69, '2019-10-03'),
(263, 7, 45, 3, 7, '2020-01-15'),
(264, 57, 59, 1, 57, '2019-09-20'),
(265, 10, 17, 14, 10, '2018-06-27'),
(266, 26, 74, 4, 74, '2019-02-21'),
(267, 44, 42, 5, 44, '2018-03-28'),
(268, 38, 15, 11, 15, '2019-12-09'),
(269, 56, 3, 16, 56, '2020-11-09'),
(270, 55, 42, 11, 42, '2018-06-04'),
(271, 53, 13, 3, 13, '2019-05-03'),
(272, 60, 49, 1, 49, '2020-07-02'),
(273, 34, 38, 9, 34, '2019-06-19'),
(274, 79, 63, 13, 63, '2020-07-26'),
(275, 25, 25, 9, 25, '2019-09-27'),
(276, 31, 45, 8, 31, '2019-02-01'),
(277, 27, 28, 17, 28, '2018-03-08'),
(278, 57, 16, 6, 57, '2019-07-25'),
(279, 52, 63, 17, 52, '2019-05-18'),
(280, 57, 15, 13, 15, '2018-10-06'),
(281, 61, 21, 6, 21, '2018-12-06'),
(282, 1, 22, 7, 22, '2018-06-03'),
(283, 3, 52, 14, 3, '2020-03-24'),
(284, 37, 27, 18, 37, '2018-02-06'),
(285, 47, 65, 7, 47, '2019-03-09'),
(286, 35, 5, 8, 5, '2019-08-13'),
(287, 23, 31, 8, 31, '2020-10-30'),
(288, 38, 22, 4, 38, '2018-06-17'),
(289, 25, 76, 18, 76, '2019-11-13'),
(290, 25, 33, 20, 25, '2020-09-13'),
(291, 1, 58, 1, 1, '2020-08-21'),
(292, 11, 41, 9, 41, '2020-04-24'),
(293, 58, 38, 7, 58, '2020-05-28'),
(294, 22, 33, 5, 22, '2018-08-01'),
(295, 61, 73, 19, 73, '2019-01-13'),
(296, 5, 19, 13, 19, '2020-02-02'),
(297, 51, 53, 12, 51, '2020-09-01'),
(298, 51, 73, 4, 51, '2020-02-24'),
(299, 18, 5, 13, 5, '2019-01-14'),
(300, 46, 12, 14, 46, '2019-03-21'),
(301, 13, 66, 20, 13, '2018-11-22'),
(302, 39, 25, 15, 25, '2020-05-07'),
(303, 68, 50, 7, 50, '2019-08-24'),
(304, 16, 22, 5, 22, '2020-11-06'),
(305, 37, 62, 9, 37, '2018-01-04'),
(306, 65, 26, 4, 65, '2020-02-04'),
(307, 45, 73, 19, 73, '2020-01-20'),
(308, 48, 4, 20, 4, '2018-02-10'),
(309, 22, 49, 13, 49, '2018-01-20'),
(310, 69, 3, 10, 69, '2018-04-01'),
(311, 65, 25, 5, 25, '2018-08-14'),
(312, 71, 48, 8, 71, '2018-08-16'),
(313, 43, 6, 14, 6, '2020-12-19'),
(314, 27, 25, 16, 25, '2019-05-13'),
(315, 48, 41, 20, 41, '2018-07-30'),
(316, 78, 49, 2, 49, '2018-03-25'),
(317, 23, 32, 12, 32, '2019-11-19'),
(318, 77, 32, 19, 32, '2019-10-12'),
(319, 5, 22, 1, 22, '2020-11-24'),
(320, 58, 41, 7, 58, '2019-11-29'),
(321, 39, 65, 18, 65, '2019-12-17'),
(322, 45, 15, 2, 45, '2018-07-16'),
(323, 65, 61, 19, 61, '2019-12-01'),
(324, 11, 35, 5, 35, '2019-11-18'),
(325, 69, 60, 16, 69, '2019-12-01'),
(326, 34, 62, 4, 34, '2018-05-07'),
(327, 76, 73, 6, 76, '2018-01-24'),
(328, 76, 19, 18, 76, '2019-06-11'),
(329, 9, 2, 5, 9, '2020-08-29'),
(330, 7, 72, 4, 7, '2020-03-30'),
(331, 8, 41, 7, 41, '2020-01-30'),
(332, 5, 37, 4, 37, '2019-04-18'),
(333, 1, 25, 7, 25, '2020-01-23'),
(334, 39, 33, 1, 39, '2020-03-15'),
(335, 53, 9, 9, 9, '2018-03-17'),
(336, 3, 25, 19, 25, '2020-01-23'),
(337, 13, 45, 6, 45, '2018-09-04'),
(338, 59, 39, 11, 39, '2019-09-11'),
(339, 51, 55, 2, 55, '2019-05-15'),
(340, 49, 30, 17, 49, '2019-12-28'),
(341, 1, 42, 10, 42, '2020-05-27'),
(342, 58, 49, 1, 58, '2020-12-30'),
(343, 74, 26, 11, 74, '2019-09-13'),
(344, 25, 50, 4, 25, '2020-02-05'),
(345, 38, 79, 6, 38, '2020-06-05'),
(346, 22, 13, 17, 13, '2019-06-27'),
(347, 53, 18, 3, 53, '2020-07-06'),
(348, 13, 43, 8, 43, '2020-04-21'),
(349, 63, 73, 17, 73, '2020-11-04'),
(350, 19, 69, 18, 19, '2019-11-04'),
(351, 32, 18, 14, 18, '2018-06-02'),
(352, 49, 32, 9, 49, '2020-11-27'),
(353, 23, 43, 9, 23, '2018-04-29'),
(354, 28, 54, 18, 28, '2018-09-01'),
(355, 33, 75, 20, 75, '2018-06-16'),
(356, 5, 28, 10, 28, '2019-02-19'),
(357, 5, 22, 6, 5, '2020-01-02'),
(358, 7, 36, 19, 7, '2018-05-11'),
(359, 66, 1, 18, 66, '2018-03-01'),
(360, 72, 19, 16, 19, '2020-11-19'),
(361, 7, 13, 7, 7, '2019-04-12'),
(362, 71, 30, 16, 71, '2020-05-20'),
(363, 50, 57, 8, 57, '2020-10-06'),
(364, 40, 63, 16, 63, '2019-03-23'),
(365, 43, 25, 11, 25, '2020-10-16'),
(366, 26, 37, 14, 37, '2018-09-13'),
(367, 15, 35, 13, 15, '2018-03-30'),
(368, 32, 76, 7, 32, '2019-12-10'),
(369, 59, 50, 3, 50, '2019-06-09'),
(370, 34, 9, 15, 34, '2018-11-27'),
(371, 32, 5, 13, 32, '2020-12-18'),
(372, 45, 75, 6, 45, '2019-02-03'),
(373, 17, 54, 7, 17, '2019-02-06'),
(374, 43, 55, 15, 43, '2019-05-05'),
(375, 4, 40, 3, 40, '2020-05-25'),
(376, 41, 27, 7, 41, '2018-05-14'),
(377, 38, 40, 2, 38, '2018-12-15'),
(378, 58, 21, 8, 58, '2019-10-26'),
(379, 37, 52, 19, 52, '2020-12-25'),
(380, 9, 55, 13, 55, '2019-01-18'),
(381, 2, 32, 13, 32, '2019-02-17'),
(382, 41, 51, 2, 41, '2020-09-27'),
(383, 14, 53, 5, 14, '2018-09-05'),
(384, 37, 58, 8, 58, '2020-07-22'),
(385, 20, 71, 3, 71, '2020-05-20'),
(386, 70, 68, 17, 70, '2019-02-04'),
(387, 2, 75, 2, 2, '2019-08-19'),
(388, 65, 69, 6, 65, '2020-12-30'),
(389, 50, 44, 10, 44, '2019-06-02'),
(390, 43, 50, 20, 50, '2020-04-03'),
(391, 79, 10, 1, 79, '2018-05-25'),
(392, 1, 57, 10, 1, '2020-02-09'),
(393, 66, 15, 20, 15, '2018-01-30'),
(394, 8, 30, 8, 30, '2018-06-08'),
(395, 16, 67, 3, 16, '2018-08-20'),
(396, 60, 3, 12, 3, '2019-04-15'),
(397, 55, 33, 8, 33, '2019-05-01'),
(398, 30, 40, 2, 30, '2019-04-03'),
(399, 18, 33, 8, 33, '2019-10-09'),
(400, 17, 10, 15, 17, '2018-01-15'),
(401, 9, 79, 11, 9, '2020-09-28'),
(402, 24, 31, 8, 24, '2019-12-17'),
(403, 11, 2, 9, 11, '2019-04-17'),
(404, 34, 52, 7, 52, '2020-11-25'),
(405, 22, 41, 17, 22, '2019-09-07'),
(406, 35, 57, 17, 35, '2018-02-28'),
(407, 24, 3, 15, 3, '2020-11-15'),
(408, 54, 39, 4, 39, '2019-03-09'),
(409, 6, 75, 16, 75, '2018-12-20'),
(410, 37, 38, 13, 38, '2020-06-21'),
(411, 74, 12, 9, 74, '2020-07-15'),
(412, 46, 15, 20, 46, '2019-09-10'),
(413, 60, 17, 13, 60, '2018-01-02'),
(414, 19, 31, 18, 19, '2020-07-27'),
(415, 10, 31, 10, 31, '2019-12-13'),
(416, 14, 14, 16, 14, '2020-11-25'),
(417, 50, 26, 19, 26, '2019-12-04'),
(418, 4, 6, 12, 6, '2020-07-08'),
(419, 61, 21, 15, 61, '2018-11-03'),
(420, 56, 77, 8, 77, '2019-05-22'),
(421, 70, 41, 8, 41, '2020-04-17'),
(422, 79, 34, 17, 79, '2018-01-26'),
(423, 13, 49, 1, 13, '2018-05-06'),
(424, 46, 50, 8, 50, '2020-02-08'),
(425, 8, 24, 5, 8, '2019-03-15'),
(426, 65, 70, 6, 65, '2020-08-25'),
(427, 67, 76, 13, 76, '2019-08-10'),
(428, 68, 62, 6, 62, '2019-03-07'),
(429, 56, 65, 13, 56, '2019-04-12'),
(430, 38, 33, 17, 38, '2020-03-20'),
(431, 12, 11, 7, 12, '2020-09-19'),
(432, 42, 60, 17, 42, '2019-12-07'),
(433, 13, 77, 14, 77, '2020-06-02'),
(434, 69, 60, 11, 60, '2018-09-21'),
(435, 23, 1, 20, 1, '2020-03-19'),
(436, 45, 13, 5, 45, '2019-09-17'),
(437, 18, 3, 4, 18, '2020-01-19'),
(438, 17, 28, 13, 28, '2018-04-18'),
(439, 12, 56, 5, 12, '2018-07-26'),
(440, 77, 18, 19, 18, '2018-03-26'),
(441, 5, 59, 6, 59, '2019-08-05'),
(442, 10, 21, 16, 10, '2020-12-12'),
(443, 17, 3, 20, 3, '2018-07-12'),
(444, 24, 47, 13, 24, '2020-01-13'),
(445, 63, 7, 15, 7, '2020-10-06'),
(446, 5, 1, 7, 1, '2019-03-27'),
(447, 43, 58, 15, 58, '2019-02-10'),
(448, 1, 7, 11, 1, '2019-10-17'),
(449, 66, 34, 19, 34, '2019-03-30'),
(450, 30, 20, 13, 30, '2018-10-05'),
(451, 6, 64, 5, 6, '2020-12-17'),
(452, 49, 16, 5, 16, '2018-01-21'),
(453, 60, 68, 6, 68, '2018-09-11'),
(454, 51, 68, 12, 51, '2020-11-19'),
(455, 32, 22, 9, 22, '2019-02-10'),
(456, 54, 58, 11, 58, '2018-09-14'),
(457, 7, 9, 15, 9, '2020-10-24'),
(458, 77, 59, 10, 59, '2019-03-21'),
(459, 76, 30, 6, 30, '2020-05-01'),
(460, 54, 69, 4, 54, '2018-04-20'),
(461, 71, 16, 8, 16, '2020-01-28'),
(462, 36, 42, 15, 36, '2020-10-25'),
(463, 18, 19, 2, 18, '2019-03-20'),
(464, 40, 56, 6, 56, '2019-11-10'),
(465, 15, 56, 2, 56, '2020-02-08'),
(466, 52, 65, 5, 65, '2019-01-07'),
(467, 49, 69, 5, 49, '2019-06-13'),
(468, 3, 44, 13, 3, '2019-12-28'),
(469, 22, 31, 17, 22, '2019-10-08'),
(470, 33, 1, 14, 33, '2019-11-30'),
(471, 24, 64, 6, 24, '2019-10-05'),
(472, 68, 54, 7, 54, '2020-02-07'),
(473, 29, 71, 11, 71, '2020-09-14'),
(474, 41, 12, 10, 41, '2018-07-01'),
(475, 49, 24, 12, 49, '2019-12-16'),
(476, 32, 60, 11, 60, '2020-03-16'),
(477, 63, 55, 9, 63, '2020-08-19'),
(478, 50, 12, 3, 50, '2018-03-09'),
(479, 38, 1, 3, 1, '2020-02-14'),
(480, 58, 37, 20, 37, '2019-01-22'),
(481, 10, 33, 3, 10, '2020-11-03'),
(482, 21, 25, 16, 21, '2018-05-19'),
(483, 10, 33, 19, 33, '2018-08-07'),
(484, 21, 5, 20, 21, '2018-09-20'),
(485, 48, 49, 6, 49, '2018-08-30'),
(486, 53, 61, 1, 53, '2018-12-20'),
(487, 74, 67, 17, 74, '2020-08-11'),
(488, 13, 39, 5, 39, '2018-07-03'),
(489, 17, 43, 9, 17, '2018-07-02'),
(490, 37, 34, 2, 34, '2019-04-28'),
(491, 25, 12, 9, 25, '2020-05-29'),
(492, 16, 11, 15, 16, '2020-11-30'),
(493, 70, 55, 5, 70, '2018-09-07'),
(494, 52, 18, 16, 18, '2020-06-18'),
(495, 31, 53, 3, 31, '2018-02-28'),
(496, 65, 39, 7, 39, '2019-04-19'),
(497, 42, 25, 4, 42, '2020-02-19'),
(498, 63, 45, 5, 45, '2020-12-14'),
(499, 8, 72, 18, 8, '2020-09-16'),
(500, 2, 2, 10, 2, '2018-02-09'),
(501, 79, 40, 19, 79, '2020-07-04'),
(502, 25, 10, 19, 25, '2018-02-16'),
(503, 79, 72, 20, 72, '2020-09-28'),
(504, 76, 6, 6, 76, '2019-01-04'),
(505, 33, 77, 16, 77, '2018-10-30'),
(506, 14, 26, 20, 14, '2019-11-11'),
(507, 4, 26, 15, 26, '2020-01-24'),
(508, 31, 73, 4, 31, '2018-01-15'),
(509, 56, 69, 20, 56, '2020-08-06'),
(510, 20, 29, 11, 29, '2018-04-20'),
(511, 39, 54, 10, 39, '2020-09-26'),
(512, 48, 78, 9, 48, '2020-08-11'),
(513, 7, 69, 20, 69, '2019-01-17'),
(514, 24, 52, 16, 52, '2019-10-03'),
(515, 74, 14, 11, 14, '2020-10-04'),
(516, 67, 47, 8, 67, '2020-02-25'),
(517, 23, 76, 5, 23, '2019-11-03'),
(518, 47, 48, 3, 47, '2018-02-28'),
(519, 34, 70, 16, 34, '2019-01-21'),
(520, 24, 33, 8, 33, '2020-06-10'),
(521, 30, 25, 5, 25, '2020-01-13'),
(522, 73, 57, 6, 57, '2019-06-03'),
(523, 5, 65, 14, 5, '2020-07-04'),
(524, 41, 69, 1, 69, '2019-03-01'),
(525, 57, 23, 6, 23, '2019-08-23'),
(526, 39, 14, 9, 39, '2018-08-10'),
(527, 13, 49, 13, 13, '2020-03-14'),
(528, 40, 3, 4, 3, '2018-12-20'),
(529, 26, 15, 4, 15, '2019-01-08'),
(530, 10, 30, 14, 30, '2020-03-16'),
(531, 8, 39, 9, 8, '2020-10-04'),
(532, 50, 13, 18, 13, '2019-01-25'),
(533, 23, 77, 11, 77, '2020-09-11'),
(534, 2, 4, 20, 2, '2019-07-21'),
(535, 1, 34, 1, 1, '2018-04-15'),
(536, 66, 58, 16, 66, '2019-01-23'),
(537, 68, 59, 4, 68, '2020-07-17'),
(538, 46, 36, 2, 46, '2018-05-16'),
(539, 53, 71, 16, 71, '2020-02-28'),
(540, 70, 11, 14, 70, '2020-07-06'),
(541, 32, 67, 9, 67, '2018-03-06'),
(542, 65, 19, 9, 19, '2018-01-20'),
(543, 46, 16, 6, 46, '2018-01-22'),
(544, 18, 30, 6, 30, '2020-02-18'),
(545, 69, 26, 8, 69, '2018-05-10'),
(546, 47, 59, 2, 59, '2018-06-14'),
(547, 29, 53, 17, 53, '2018-11-05'),
(548, 16, 3, 12, 16, '2020-08-12'),
(549, 64, 46, 11, 64, '2020-05-10'),
(550, 57, 56, 5, 56, '2018-01-08'),
(551, 2, 27, 12, 27, '2018-04-15'),
(552, 68, 18, 11, 18, '2018-08-13'),
(553, 57, 63, 8, 63, '2019-09-13'),
(554, 68, 31, 9, 68, '2018-04-01'),
(555, 3, 62, 18, 3, '2018-02-22'),
(556, 74, 29, 10, 29, '2018-08-26'),
(557, 23, 43, 7, 43, '2018-07-05'),
(558, 12, 33, 14, 33, '2020-01-08'),
(559, 64, 65, 6, 65, '2020-09-14'),
(560, 15, 4, 4, 4, '2020-09-17'),
(561, 73, 2, 5, 73, '2019-01-02'),
(562, 70, 59, 3, 59, '2019-05-06'),
(563, 64, 10, 13, 64, '2020-01-03'),
(564, 54, 61, 1, 61, '2020-09-25'),
(565, 61, 51, 15, 51, '2019-06-08'),
(566, 17, 13, 13, 17, '2020-08-01'),
(567, 69, 13, 17, 13, '2020-05-17'),
(568, 73, 52, 4, 52, '2020-09-02'),
(569, 13, 38, 20, 13, '2019-09-26'),
(570, 5, 45, 12, 45, '2019-11-25'),
(571, 11, 27, 8, 11, '2020-01-11'),
(572, 37, 78, 3, 78, '2019-09-25'),
(573, 49, 32, 10, 49, '2018-10-03'),
(574, 30, 7, 1, 30, '2018-01-21'),
(575, 39, 79, 1, 79, '2018-12-26'),
(576, 67, 56, 15, 67, '2019-06-24'),
(577, 30, 41, 1, 41, '2019-01-26'),
(578, 65, 38, 19, 38, '2020-05-24'),
(579, 14, 34, 20, 34, '2020-05-02'),
(580, 19, 45, 6, 19, '2019-04-16'),
(581, 61, 23, 3, 23, '2020-07-27'),
(582, 2, 10, 10, 10, '2019-04-26'),
(583, 30, 16, 16, 30, '2018-04-18'),
(584, 30, 75, 14, 75, '2019-04-22'),
(585, 42, 51, 16, 51, '2019-04-02'),
(586, 33, 39, 3, 33, '2020-05-26'),
(587, 73, 48, 16, 73, '2019-10-04'),
(588, 60, 26, 6, 26, '2019-04-17'),
(589, 77, 59, 16, 77, '2019-09-01'),
(590, 49, 64, 16, 64, '2018-05-25'),
(591, 27, 32, 15, 32, '2018-10-05'),
(592, 55, 22, 5, 22, '2018-12-02'),
(593, 75, 60, 13, 60, '2019-03-22'),
(594, 8, 62, 11, 62, '2020-11-07'),
(595, 22, 64, 4, 22, '2018-12-15'),
(596, 5, 53, 11, 5, '2019-11-03'),
(597, 67, 22, 9, 67, '2018-05-02'),
(598, 21, 38, 7, 38, '2018-05-06'),
(599, 38, 38, 18, 38, '2019-01-25'),
(600, 75, 8, 17, 8, '2018-07-24'),
(601, 33, 45, 16, 33, '2018-05-27'),
(602, 16, 11, 14, 11, '2020-10-28'),
(603, 47, 21, 4, 21, '2020-11-06'),
(604, 40, 16, 18, 16, '2020-08-18'),
(605, 17, 74, 6, 74, '2019-05-18'),
(606, 66, 25, 10, 66, '2018-04-19'),
(607, 70, 31, 7, 70, '2020-12-29'),
(608, 20, 65, 17, 65, '2020-02-19'),
(609, 61, 78, 17, 78, '2020-08-11'),
(610, 67, 40, 19, 40, '2020-09-23'),
(611, 30, 22, 10, 22, '2020-02-23'),
(612, 56, 78, 18, 56, '2020-05-11'),
(613, 35, 17, 11, 17, '2018-03-29'),
(614, 72, 6, 11, 6, '2020-07-13'),
(615, 36, 1, 2, 36, '2020-12-11'),
(616, 7, 19, 13, 19, '2020-05-01'),
(617, 60, 51, 6, 60, '2020-10-13'),
(618, 26, 39, 6, 26, '2020-04-21'),
(619, 71, 59, 6, 59, '2019-04-11'),
(620, 1, 3, 18, 3, '2018-01-22'),
(621, 59, 70, 12, 59, '2019-05-06'),
(622, 29, 70, 16, 29, '2020-07-10'),
(623, 38, 68, 16, 38, '2019-02-16'),
(624, 14, 59, 19, 14, '2019-02-11'),
(625, 37, 10, 4, 37, '2018-05-06'),
(626, 45, 44, 3, 44, '2018-11-08'),
(627, 16, 79, 16, 79, '2020-09-19'),
(628, 58, 11, 15, 58, '2020-09-13'),
(629, 48, 36, 3, 48, '2018-07-25'),
(630, 47, 30, 10, 30, '2020-10-11'),
(631, 31, 54, 14, 54, '2020-03-24'),
(632, 54, 74, 18, 54, '2020-10-21'),
(633, 61, 44, 16, 61, '2019-04-19'),
(634, 51, 23, 5, 23, '2018-10-27'),
(635, 9, 47, 12, 47, '2020-01-29'),
(636, 28, 43, 6, 43, '2020-02-22'),
(637, 48, 19, 4, 48, '2020-04-18'),
(638, 62, 66, 19, 62, '2020-09-05'),
(639, 37, 15, 9, 37, '2018-08-24'),
(640, 25, 12, 14, 25, '2019-03-14'),
(641, 61, 63, 20, 61, '2020-04-09'),
(642, 45, 37, 18, 37, '2019-02-08'),
(643, 43, 42, 1, 42, '2019-10-10'),
(644, 78, 14, 5, 78, '2019-11-04'),
(645, 15, 52, 7, 15, '2018-10-03'),
(646, 29, 31, 6, 29, '2019-05-02'),
(647, 62, 51, 9, 62, '2020-09-04'),
(648, 30, 54, 14, 30, '2020-12-04'),
(649, 40, 1, 19, 1, '2020-04-09'),
(650, 1, 22, 12, 22, '2019-05-04'),
(651, 62, 67, 14, 67, '2020-04-22'),
(652, 26, 24, 4, 24, '2018-09-24'),
(653, 40, 39, 4, 40, '2018-11-02'),
(654, 21, 42, 14, 42, '2019-07-21'),
(655, 68, 38, 19, 38, '2020-05-10'),
(656, 25, 50, 17, 25, '2020-03-27'),
(657, 68, 44, 20, 44, '2019-01-17'),
(658, 27, 73, 16, 73, '2018-02-09'),
(659, 73, 29, 14, 29, '2020-05-23'),
(660, 56, 53, 16, 53, '2019-10-22'),
(661, 70, 37, 15, 37, '2019-08-18'),
(662, 5, 60, 17, 5, '2018-08-12'),
(663, 45, 44, 8, 44, '2019-11-09'),
(664, 9, 28, 11, 9, '2020-02-20'),
(665, 14, 70, 17, 14, '2019-01-08'),
(666, 3, 6, 17, 6, '2019-08-13'),
(667, 37, 59, 17, 37, '2020-08-16'),
(668, 53, 17, 14, 53, '2018-12-11'),
(669, 58, 73, 2, 73, '2020-10-01'),
(670, 64, 44, 9, 64, '2018-07-21'),
(671, 28, 61, 20, 28, '2020-03-23'),
(672, 21, 10, 2, 10, '2020-08-19'),
(673, 18, 74, 11, 74, '2020-04-25'),
(674, 48, 16, 15, 16, '2019-06-28'),
(675, 69, 30, 15, 30, '2018-03-24'),
(676, 77, 79, 9, 79, '2018-03-19'),
(677, 52, 29, 11, 52, '2018-02-02'),
(678, 54, 34, 12, 54, '2019-12-07'),
(679, 19, 17, 15, 19, '2020-07-29'),
(680, 50, 72, 15, 72, '2018-04-15'),
(681, 6, 48, 5, 48, '2020-06-25'),
(682, 7, 3, 8, 3, '2019-04-20'),
(683, 14, 30, 9, 30, '2018-08-23'),
(684, 65, 42, 6, 65, '2020-06-09'),
(685, 2, 34, 20, 34, '2020-02-06'),
(686, 44, 10, 8, 44, '2020-12-18'),
(687, 54, 1, 16, 1, '2019-08-23'),
(688, 75, 69, 17, 75, '2020-04-25'),
(689, 51, 64, 3, 64, '2018-01-27'),
(690, 42, 55, 17, 42, '2020-11-15'),
(691, 61, 26, 8, 61, '2018-03-12'),
(692, 56, 29, 3, 56, '2018-05-26'),
(693, 28, 21, 12, 28, '2020-01-19'),
(694, 65, 42, 5, 42, '2018-01-13'),
(695, 39, 9, 16, 39, '2019-02-18'),
(696, 33, 4, 3, 4, '2020-10-15'),
(697, 7, 36, 18, 7, '2019-09-06'),
(698, 9, 77, 5, 77, '2018-10-02'),
(699, 69, 79, 13, 69, '2018-09-10'),
(700, 20, 34, 4, 34, '2019-10-10'),
(701, 44, 14, 8, 14, '2019-03-12'),
(702, 5, 49, 18, 5, '2018-06-13'),
(703, 54, 39, 17, 39, '2020-08-03'),
(704, 69, 13, 4, 13, '2019-06-11'),
(705, 24, 31, 5, 31, '2018-09-16'),
(706, 50, 65, 16, 65, '2018-09-25'),
(707, 79, 39, 20, 79, '2020-04-27'),
(708, 68, 14, 11, 14, '2018-10-03'),
(709, 20, 30, 4, 30, '2019-01-21'),
(710, 2, 32, 12, 2, '2018-07-27'),
(711, 9, 67, 9, 9, '2019-10-07'),
(712, 45, 35, 15, 35, '2019-09-28'),
(713, 51, 43, 6, 43, '2020-11-17'),
(714, 42, 2, 13, 2, '2020-11-28'),
(715, 14, 27, 12, 27, '2018-12-23'),
(716, 76, 41, 6, 76, '2019-08-09'),
(717, 37, 50, 9, 37, '2018-02-28'),
(718, 64, 69, 5, 64, '2020-03-21'),
(719, 53, 61, 5, 53, '2020-06-19'),
(720, 46, 46, 16, 46, '2018-07-25'),
(721, 31, 4, 15, 31, '2019-05-02'),
(722, 28, 16, 7, 28, '2020-06-21'),
(723, 67, 50, 10, 50, '2018-06-05'),
(724, 46, 44, 19, 46, '2019-05-16'),
(725, 47, 8, 10, 8, '2020-11-25'),
(726, 79, 77, 11, 79, '2018-11-09'),
(727, 6, 1, 16, 1, '2020-03-04'),
(728, 27, 35, 1, 27, '2018-09-05'),
(729, 21, 23, 11, 23, '2018-01-20'),
(730, 55, 44, 15, 44, '2020-09-04'),
(731, 77, 62, 13, 62, '2018-01-26'),
(732, 79, 19, 3, 19, '2020-03-10'),
(733, 57, 22, 4, 57, '2018-11-28'),
(734, 48, 6, 9, 6, '2019-10-24'),
(735, 10, 6, 5, 6, '2019-01-17'),
(736, 16, 18, 15, 16, '2020-07-20'),
(737, 57, 73, 2, 57, '2018-09-21'),
(738, 54, 15, 18, 54, '2020-01-23'),
(739, 55, 63, 9, 55, '2018-07-13'),
(740, 14, 55, 5, 14, '2020-09-27'),
(741, 68, 65, 13, 68, '2018-06-28'),
(742, 53, 49, 11, 53, '2018-02-11'),
(743, 1, 32, 10, 1, '2018-05-21'),
(744, 29, 32, 8, 32, '2020-05-27'),
(745, 59, 33, 7, 33, '2018-09-02'),
(746, 62, 45, 20, 62, '2018-05-21'),
(747, 3, 30, 15, 3, '2018-09-21'),
(748, 59, 3, 2, 59, '2018-01-11'),
(749, 25, 65, 12, 65, '2019-07-03'),
(750, 3, 63, 4, 63, '2018-05-13'),
(751, 11, 50, 18, 11, '2020-09-13'),
(752, 23, 1, 18, 23, '2018-12-23'),
(753, 46, 67, 5, 46, '2018-06-01'),
(754, 56, 30, 13, 30, '2019-04-04'),
(755, 40, 49, 3, 40, '2020-12-28'),
(756, 51, 62, 2, 62, '2019-08-03'),
(757, 64, 26, 5, 26, '2020-09-01'),
(758, 71, 17, 8, 17, '2020-05-22'),
(759, 53, 22, 17, 22, '2018-01-11'),
(760, 74, 41, 10, 41, '2019-08-03'),
(761, 71, 42, 8, 42, '2020-08-24'),
(762, 2, 4, 4, 2, '2018-08-07'),
(763, 59, 53, 15, 53, '2018-07-12'),
(764, 33, 49, 12, 49, '2018-03-16'),
(765, 74, 75, 16, 75, '2018-05-17'),
(766, 75, 66, 18, 66, '2020-08-19'),
(767, 63, 4, 13, 63, '2020-12-20'),
(768, 33, 54, 3, 33, '2020-03-11'),
(769, 9, 48, 16, 48, '2018-08-04'),
(770, 36, 19, 7, 19, '2020-12-05'),
(771, 23, 53, 15, 53, '2020-03-19'),
(772, 53, 56, 12, 53, '2019-08-07'),
(773, 36, 76, 1, 76, '2019-12-28'),
(774, 62, 15, 11, 62, '2020-02-16'),
(775, 79, 21, 9, 21, '2020-08-22'),
(776, 50, 39, 9, 39, '2019-01-21'),
(777, 7, 22, 14, 22, '2018-11-15'),
(778, 18, 41, 11, 41, '2018-09-08'),
(779, 74, 22, 11, 22, '2018-06-09'),
(780, 34, 35, 16, 35, '2018-10-21'),
(781, 59, 4, 13, 59, '2018-11-08'),
(782, 3, 62, 6, 3, '2018-06-26'),
(783, 23, 72, 5, 23, '2020-12-21'),
(784, 24, 44, 13, 44, '2020-05-17'),
(785, 37, 67, 18, 37, '2020-02-28'),
(786, 7, 44, 2, 7, '2019-09-29'),
(787, 60, 23, 13, 60, '2018-06-18'),
(788, 14, 33, 12, 14, '2020-01-10'),
(789, 19, 50, 9, 19, '2018-05-14'),
(790, 3, 45, 3, 45, '2019-01-10'),
(791, 65, 72, 6, 65, '2018-12-03'),
(792, 41, 6, 9, 6, '2019-11-09'),
(793, 46, 65, 5, 46, '2020-04-14'),
(794, 52, 65, 13, 65, '2019-06-22'),
(795, 24, 21, 14, 21, '2020-11-21'),
(796, 17, 12, 11, 12, '2020-02-09'),
(797, 13, 62, 7, 62, '2018-11-12'),
(798, 20, 14, 7, 14, '2020-10-17'),
(799, 22, 37, 10, 37, '2019-09-22'),
(800, 71, 78, 7, 71, '2019-04-02'),
(801, 18, 73, 10, 18, '2018-11-11'),
(802, 56, 56, 13, 56, '2019-09-21'),
(803, 10, 43, 3, 10, '2020-06-02'),
(804, 31, 58, 4, 31, '2018-07-09'),
(805, 25, 24, 4, 24, '2018-05-20'),
(806, 41, 19, 11, 19, '2020-02-22'),
(807, 59, 7, 16, 59, '2020-01-06'),
(808, 48, 14, 19, 48, '2020-06-12'),
(809, 14, 42, 1, 14, '2020-11-19'),
(810, 25, 35, 16, 25, '2019-10-15'),
(811, 26, 75, 4, 26, '2020-06-03'),
(812, 55, 79, 16, 55, '2018-06-20'),
(813, 31, 59, 11, 31, '2018-05-13'),
(814, 9, 57, 5, 9, '2020-08-23'),
(815, 32, 35, 18, 32, '2020-12-12'),
(816, 68, 15, 16, 68, '2019-03-30'),
(817, 53, 63, 7, 53, '2019-08-19'),
(818, 69, 23, 12, 69, '2020-04-23'),
(819, 16, 10, 20, 10, '2019-08-04'),
(820, 61, 24, 7, 24, '2019-11-04'),
(821, 8, 56, 16, 56, '2020-02-28'),
(822, 51, 24, 11, 51, '2019-06-23'),
(823, 72, 8, 10, 8, '2020-06-27'),
(824, 11, 28, 18, 28, '2018-08-30'),
(825, 5, 41, 11, 5, '2020-04-27'),
(826, 56, 6, 19, 56, '2018-03-08'),
(827, 56, 51, 3, 56, '2020-01-29'),
(828, 73, 27, 18, 27, '2018-11-21'),
(829, 58, 9, 13, 58, '2020-03-30'),
(830, 44, 45, 2, 44, '2019-01-04'),
(831, 59, 2, 6, 2, '2018-07-02'),
(832, 43, 24, 10, 24, '2018-10-20'),
(833, 8, 78, 13, 78, '2020-11-14'),
(834, 32, 33, 6, 33, '2019-09-05'),
(835, 72, 52, 3, 72, '2019-07-23'),
(836, 55, 52, 5, 55, '2020-04-21'),
(837, 57, 9, 19, 9, '2020-08-25'),
(838, 8, 13, 15, 13, '2020-10-25'),
(839, 16, 4, 14, 4, '2019-10-26'),
(840, 63, 77, 18, 77, '2019-09-11'),
(841, 72, 8, 19, 72, '2020-12-15'),
(842, 61, 60, 9, 61, '2019-03-15'),
(843, 7, 55, 6, 55, '2020-08-09'),
(844, 74, 53, 17, 74, '2019-05-15'),
(845, 41, 50, 5, 50, '2020-07-04'),
(846, 39, 7, 2, 39, '2019-12-14'),
(847, 50, 26, 15, 50, '2019-11-16'),
(848, 14, 51, 19, 51, '2020-03-22'),
(849, 6, 59, 6, 6, '2020-05-01'),
(850, 61, 64, 17, 64, '2018-05-15'),
(851, 52, 47, 18, 52, '2019-05-01'),
(852, 49, 52, 2, 52, '2019-10-09'),
(853, 40, 74, 16, 40, '2019-11-20'),
(854, 59, 50, 11, 50, '2018-02-20'),
(855, 14, 50, 14, 14, '2020-06-18'),
(856, 1, 68, 16, 1, '2019-08-05'),
(857, 35, 37, 14, 37, '2018-03-04'),
(858, 11, 22, 5, 11, '2020-11-25'),
(859, 21, 45, 16, 45, '2020-08-23'),
(860, 24, 72, 2, 24, '2018-07-05'),
(861, 54, 14, 4, 14, '2020-09-13'),
(862, 66, 17, 2, 17, '2018-04-09'),
(863, 61, 46, 4, 46, '2018-06-24'),
(864, 45, 13, 9, 45, '2020-07-24'),
(865, 34, 28, 19, 34, '2018-12-30'),
(866, 22, 43, 13, 22, '2019-02-04'),
(867, 19, 69, 6, 69, '2020-03-13'),
(868, 67, 7, 17, 67, '2018-02-20'),
(869, 18, 79, 15, 79, '2020-03-17'),
(870, 1, 20, 11, 1, '2018-02-25'),
(871, 79, 6, 7, 79, '2020-12-09'),
(872, 23, 41, 13, 41, '2020-08-18'),
(873, 75, 4, 14, 75, '2020-02-01'),
(874, 46, 2, 16, 2, '2018-02-20'),
(875, 60, 31, 11, 31, '2020-10-25'),
(876, 38, 69, 5, 69, '2019-06-24'),
(877, 63, 75, 12, 63, '2018-11-11'),
(878, 51, 62, 13, 62, '2019-11-23'),
(879, 22, 71, 6, 22, '2020-07-23'),
(880, 45, 39, 5, 45, '2019-09-04'),
(881, 72, 9, 13, 72, '2018-09-18'),
(882, 6, 79, 2, 6, '2018-01-12'),
(883, 19, 56, 10, 19, '2020-11-08'),
(884, 74, 5, 17, 74, '2018-06-14'),
(885, 74, 37, 17, 37, '2018-05-13'),
(886, 1, 63, 11, 1, '2019-07-09'),
(887, 29, 47, 16, 47, '2020-08-24'),
(888, 25, 75, 19, 25, '2020-08-18'),
(889, 58, 1, 2, 1, '2020-06-11'),
(890, 21, 10, 14, 21, '2018-01-10'),
(891, 61, 74, 6, 61, '2020-08-05'),
(892, 14, 56, 10, 14, '2020-12-03'),
(893, 73, 58, 9, 58, '2019-08-10'),
(894, 2, 37, 13, 2, '2019-05-19'),
(895, 52, 8, 19, 52, '2019-11-04'),
(896, 3, 16, 19, 16, '2020-01-25'),
(897, 50, 68, 1, 50, '2020-03-22'),
(898, 70, 45, 2, 70, '2018-11-08'),
(899, 25, 45, 11, 45, '2019-08-17'),
(900, 22, 35, 11, 22, '2019-01-20'),
(901, 8, 3, 19, 8, '2020-12-29'),
(902, 42, 37, 6, 42, '2019-03-19'),
(903, 52, 36, 20, 36, '2018-09-15'),
(904, 47, 44, 13, 44, '2018-03-23'),
(905, 11, 23, 5, 23, '2020-09-14'),
(906, 54, 1, 2, 1, '2019-09-04'),
(907, 16, 36, 5, 36, '2018-11-11'),
(908, 46, 43, 3, 43, '2020-06-26'),
(909, 49, 47, 12, 49, '2018-02-21'),
(910, 55, 20, 1, 20, '2018-11-12'),
(911, 70, 38, 3, 70, '2018-03-28'),
(912, 79, 2, 8, 79, '2019-05-09'),
(913, 19, 45, 20, 19, '2019-04-20'),
(914, 11, 44, 16, 44, '2018-09-02'),
(915, 54, 46, 17, 54, '2020-01-04'),
(916, 68, 53, 19, 68, '2019-08-07'),
(917, 24, 48, 8, 48, '2018-10-11'),
(918, 25, 63, 15, 63, '2019-08-18'),
(919, 76, 69, 19, 69, '2020-11-16'),
(920, 14, 78, 11, 78, '2018-05-02'),
(921, 77, 75, 4, 77, '2019-01-24'),
(922, 32, 39, 1, 39, '2019-03-23'),
(923, 4, 77, 17, 4, '2018-03-05'),
(924, 64, 19, 14, 64, '2020-02-20'),
(925, 9, 3, 15, 9, '2018-06-25'),
(926, 72, 11, 13, 11, '2018-02-28'),
(927, 11, 60, 1, 11, '2018-12-29'),
(928, 55, 7, 1, 55, '2020-09-07'),
(929, 69, 24, 2, 24, '2019-07-03'),
(930, 3, 7, 7, 7, '2020-08-11'),
(931, 17, 14, 20, 14, '2019-09-30'),
(932, 72, 61, 13, 61, '2018-07-02'),
(933, 38, 78, 2, 78, '2020-11-27'),
(934, 50, 39, 20, 50, '2020-03-10'),
(935, 65, 49, 8, 49, '2019-08-23'),
(936, 36, 40, 17, 36, '2018-02-02'),
(937, 50, 34, 19, 50, '2020-01-27'),
(938, 12, 56, 4, 56, '2018-03-05'),
(939, 69, 7, 6, 69, '2018-02-24'),
(940, 54, 67, 2, 67, '2018-12-06'),
(941, 22, 14, 2, 14, '2018-07-20'),
(942, 79, 33, 6, 79, '2019-05-24'),
(943, 26, 14, 2, 26, '2018-06-12'),
(944, 58, 28, 7, 58, '2020-05-17'),
(945, 11, 54, 13, 54, '2020-03-20'),
(946, 58, 49, 15, 49, '2018-03-28'),
(947, 2, 72, 5, 2, '2020-11-18'),
(948, 21, 77, 2, 21, '2019-02-26'),
(949, 35, 69, 6, 69, '2018-09-12'),
(950, 35, 28, 2, 28, '2020-11-11'),
(951, 2, 30, 4, 2, '2019-01-28'),
(952, 18, 12, 15, 18, '2018-10-07'),
(953, 35, 31, 16, 31, '2020-10-28'),
(954, 7, 20, 5, 7, '2020-07-17'),
(955, 28, 76, 1, 76, '2019-10-08'),
(956, 54, 68, 19, 68, '2020-10-21'),
(957, 34, 11, 4, 34, '2018-08-15'),
(958, 2, 15, 5, 15, '2019-05-08'),
(959, 79, 23, 12, 79, '2018-04-24'),
(960, 1, 73, 7, 1, '2020-01-09'),
(961, 77, 3, 11, 77, '2019-08-01'),
(962, 62, 64, 15, 64, '2018-03-17'),
(963, 78, 34, 18, 34, '2019-09-15'),
(964, 21, 56, 11, 56, '2020-04-25'),
(965, 46, 15, 13, 15, '2019-11-03'),
(966, 63, 57, 3, 63, '2020-06-13'),
(967, 77, 47, 15, 77, '2020-02-28'),
(968, 19, 49, 8, 19, '2020-01-13'),
(969, 22, 9, 15, 22, '2019-12-11'),
(970, 1, 32, 6, 32, '2020-08-29'),
(971, 19, 10, 13, 19, '2019-05-09'),
(972, 4, 22, 7, 22, '2019-11-08'),
(973, 58, 34, 11, 58, '2019-04-04'),
(974, 9, 36, 5, 9, '2020-10-26'),
(975, 43, 36, 9, 36, '2020-07-09'),
(976, 10, 49, 5, 10, '2019-06-06'),
(977, 53, 47, 11, 47, '2019-12-13'),
(978, 38, 45, 17, 38, '2019-06-26'),
(979, 44, 62, 16, 62, '2019-03-17'),
(980, 26, 10, 20, 10, '2019-09-28'),
(981, 6, 9, 5, 9, '2018-09-23'),
(982, 2, 22, 9, 22, '2018-07-09'),
(983, 44, 67, 15, 44, '2020-05-24'),
(984, 58, 57, 2, 58, '2020-03-18'),
(985, 1, 74, 2, 1, '2020-06-26'),
(986, 7, 71, 19, 71, '2018-03-17'),
(987, 31, 64, 5, 31, '2020-01-02'),
(988, 68, 66, 1, 66, '2019-01-24'),
(989, 11, 66, 16, 66, '2019-11-02'),
(990, 47, 8, 19, 8, '2020-12-20'),
(991, 53, 25, 19, 25, '2020-12-19'),
(992, 23, 38, 17, 38, '2019-12-04'),
(993, 67, 4, 1, 67, '2020-09-27'),
(994, 60, 5, 19, 5, '2019-10-14'),
(995, 40, 43, 1, 43, '2019-10-11'),
(996, 68, 2, 12, 68, '2019-01-29'),
(997, 35, 22, 4, 35, '2018-10-29'),
(998, 71, 32, 3, 32, '2019-05-13'),
(999, 4, 22, 15, 22, '2019-03-13'),
(1000, 38, 10, 3, 38, '2018-02-01'),
(1001, 15, 30, 18, 30, '2018-09-20'),
(1002, 25, 48, 5, 25, '2020-12-20'),
(1003, 68, 68, 10, 68, '2019-06-12'),
(1004, 14, 38, 17, 38, '2018-02-07'),
(1005, 76, 6, 1, 6, '2019-11-07'),
(1006, 15, 45, 20, 45, '2018-08-30'),
(1007, 78, 62, 15, 62, '2018-03-07'),
(1008, 42, 29, 13, 42, '2019-01-12'),
(1009, 5, 25, 3, 5, '2020-04-01'),
(1010, 36, 74, 3, 74, '2020-09-18'),
(1011, 79, 65, 16, 65, '2018-04-04'),
(1012, 59, 39, 20, 39, '2019-08-08'),
(1013, 69, 58, 2, 58, '2020-06-27'),
(1014, 57, 5, 14, 5, '2018-03-17'),
(1015, 51, 14, 17, 14, '2019-12-26'),
(1016, 23, 67, 5, 23, '2019-03-15'),
(1017, 79, 70, 10, 79, '2018-02-04'),
(1018, 22, 37, 11, 22, '2019-02-20'),
(1019, 44, 54, 11, 44, '2018-03-29'),
(1020, 45, 20, 5, 20, '2020-04-12'),
(1021, 30, 20, 18, 30, '2019-07-15'),
(1022, 20, 48, 15, 20, '2019-09-22'),
(1023, 64, 21, 16, 64, '2019-11-28'),
(1024, 44, 1, 15, 44, '2019-02-07'),
(1025, 18, 54, 8, 18, '2020-04-05'),
(1026, 29, 16, 7, 16, '2019-01-04'),
(1027, 59, 23, 1, 59, '2019-04-27'),
(1028, 37, 79, 16, 79, '2020-01-28'),
(1029, 9, 49, 12, 49, '2019-09-01'),
(1030, 4, 42, 10, 42, '2018-06-19'),
(1031, 64, 55, 20, 64, '2019-04-30'),
(1032, 8, 20, 16, 8, '2018-05-01'),
(1033, 41, 41, 2, 41, '2018-12-13'),
(1034, 42, 25, 15, 42, '2018-06-01'),
(1035, 76, 67, 13, 76, '2020-07-09'),
(1036, 13, 64, 17, 64, '2020-06-18'),
(1037, 17, 37, 6, 37, '2020-08-26'),
(1038, 49, 6, 13, 49, '2019-07-10'),
(1039, 20, 75, 8, 20, '2019-05-19'),
(1040, 8, 73, 3, 8, '2019-10-02'),
(1041, 37, 54, 8, 37, '2020-09-18'),
(1042, 35, 27, 2, 27, '2018-03-12'),
(1043, 3, 52, 6, 3, '2020-11-25'),
(1044, 57, 27, 8, 57, '2018-03-01'),
(1045, 26, 78, 9, 78, '2018-02-26'),
(1046, 41, 9, 15, 41, '2020-02-12'),
(1047, 36, 78, 10, 78, '2019-06-15'),
(1048, 52, 13, 6, 52, '2020-10-22'),
(1049, 68, 56, 3, 56, '2020-06-27'),
(1050, 16, 72, 20, 16, '2019-09-04'),
(1051, 52, 1, 6, 52, '2019-12-07'),
(1052, 55, 71, 14, 71, '2018-04-18'),
(1053, 42, 4, 9, 42, '2020-07-19'),
(1054, 71, 70, 5, 71, '2020-06-23'),
(1055, 26, 64, 7, 26, '2020-11-24'),
(1056, 21, 49, 15, 49, '2018-06-15'),
(1057, 25, 23, 10, 25, '2019-09-28'),
(1058, 32, 29, 2, 32, '2020-07-03'),
(1059, 40, 48, 7, 40, '2020-10-11'),
(1060, 9, 10, 7, 9, '2018-12-09'),
(1061, 20, 49, 16, 49, '2020-05-21'),
(1062, 17, 59, 11, 17, '2018-07-09'),
(1063, 67, 44, 19, 44, '2020-08-05'),
(1064, 45, 26, 12, 45, '2019-04-13'),
(1065, 35, 7, 17, 7, '2018-01-11'),
(1066, 22, 67, 15, 22, '2020-11-05'),
(1067, 12, 26, 3, 12, '2020-07-01'),
(1068, 20, 33, 4, 33, '2020-03-17'),
(1069, 30, 58, 10, 30, '2019-01-16'),
(1070, 25, 32, 13, 25, '2019-03-23'),
(1071, 17, 64, 17, 17, '2019-12-20'),
(1072, 45, 3, 3, 45, '2018-12-04'),
(1073, 30, 30, 18, 30, '2020-04-19'),
(1074, 64, 22, 13, 22, '2019-11-07'),
(1075, 36, 18, 13, 18, '2018-04-05'),
(1076, 12, 22, 3, 12, '2019-07-16'),
(1077, 37, 15, 4, 37, '2019-09-28'),
(1078, 58, 17, 9, 17, '2019-05-26'),
(1079, 43, 70, 5, 70, '2018-03-26'),
(1080, 73, 27, 19, 27, '2019-08-07'),
(1081, 69, 44, 20, 44, '2019-01-08'),
(1082, 74, 20, 13, 74, '2018-08-10'),
(1083, 37, 62, 18, 37, '2020-08-25'),
(1084, 78, 37, 11, 37, '2020-12-16'),
(1085, 74, 29, 10, 74, '2019-12-21'),
(1086, 49, 41, 19, 41, '2018-05-23'),
(1087, 70, 68, 5, 68, '2019-06-04'),
(1088, 61, 67, 4, 67, '2020-02-22'),
(1089, 24, 34, 5, 24, '2018-01-07'),
(1090, 77, 57, 3, 77, '2020-02-20'),
(1091, 78, 33, 7, 33, '2020-05-25'),
(1092, 78, 7, 16, 78, '2020-11-21'),
(1093, 12, 44, 14, 44, '2019-10-19'),
(1094, 73, 79, 18, 73, '2020-05-03'),
(1095, 44, 74, 13, 74, '2020-11-15'),
(1096, 69, 6, 3, 69, '2020-01-22'),
(1097, 56, 4, 14, 4, '2019-05-17'),
(1098, 47, 72, 15, 72, '2020-03-12'),
(1099, 76, 47, 17, 47, '2020-07-11'),
(1100, 69, 66, 9, 66, '2018-02-21'),
(1101, 55, 68, 2, 68, '2020-08-07'),
(1102, 56, 62, 1, 62, '2020-06-18'),
(1103, 43, 38, 15, 43, '2018-06-17'),
(1104, 60, 49, 7, 49, '2020-07-01'),
(1105, 62, 47, 5, 47, '2020-07-21'),
(1106, 64, 21, 5, 21, '2020-12-16'),
(1107, 23, 32, 16, 32, '2019-07-21'),
(1108, 36, 57, 14, 36, '2020-10-26'),
(1109, 43, 10, 9, 10, '2020-03-15'),
(1110, 10, 10, 19, 10, '2019-04-11'),
(1111, 59, 62, 7, 59, '2019-09-06'),
(1112, 56, 67, 20, 67, '2018-04-13'),
(1113, 76, 48, 10, 76, '2020-03-14'),
(1114, 45, 74, 12, 45, '2020-02-25'),
(1115, 35, 36, 5, 36, '2018-11-12'),
(1116, 49, 34, 17, 49, '2019-10-23'),
(1117, 15, 22, 20, 15, '2019-07-08'),
(1118, 41, 44, 20, 41, '2020-10-26'),
(1119, 51, 49, 17, 49, '2020-08-01'),
(1120, 72, 20, 18, 20, '2019-10-14'),
(1121, 48, 53, 16, 48, '2019-12-22'),
(1122, 36, 71, 2, 36, '2020-03-24'),
(1123, 7, 61, 7, 7, '2019-12-02'),
(1124, 26, 73, 17, 73, '2020-11-23'),
(1125, 15, 61, 5, 61, '2019-06-29'),
(1126, 65, 48, 20, 48, '2020-05-07'),
(1127, 63, 45, 2, 63, '2020-02-02'),
(1128, 70, 71, 13, 70, '2019-06-15'),
(1129, 62, 39, 19, 62, '2018-08-29'),
(1130, 78, 31, 20, 31, '2019-05-23'),
(1131, 65, 77, 10, 65, '2019-12-04'),
(1132, 47, 13, 15, 13, '2020-05-13'),
(1133, 50, 5, 6, 5, '2018-09-01'),
(1134, 56, 41, 13, 56, '2019-12-02'),
(1135, 15, 66, 7, 15, '2018-09-21'),
(1136, 4, 64, 14, 64, '2018-05-17'),
(1137, 4, 32, 3, 4, '2019-09-18'),
(1138, 17, 59, 8, 17, '2020-11-20'),
(1139, 76, 63, 3, 63, '2018-08-05'),
(1140, 24, 58, 19, 58, '2019-09-02'),
(1141, 6, 10, 8, 6, '2020-01-15'),
(1142, 72, 34, 2, 72, '2019-11-26'),
(1143, 8, 75, 8, 8, '2019-03-16'),
(1144, 11, 47, 8, 47, '2019-08-17'),
(1145, 19, 37, 12, 19, '2020-11-11'),
(1146, 1, 57, 9, 57, '2020-02-28'),
(1147, 13, 62, 17, 13, '2018-10-05'),
(1148, 70, 77, 15, 70, '2020-10-01'),
(1149, 67, 62, 5, 62, '2020-05-02'),
(1150, 47, 24, 19, 24, '2020-01-02'),
(1151, 42, 65, 5, 65, '2019-01-12'),
(1152, 67, 70, 2, 70, '2018-03-01'),
(1153, 25, 47, 5, 47, '2020-09-27'),
(1154, 11, 23, 17, 23, '2019-09-05'),
(1155, 39, 79, 9, 79, '2018-08-11'),
(1156, 29, 30, 10, 29, '2020-03-30'),
(1157, 71, 19, 7, 19, '2019-10-14'),
(1158, 22, 30, 13, 22, '2020-08-21'),
(1159, 8, 25, 15, 25, '2018-03-06'),
(1160, 24, 77, 13, 24, '2020-12-08'),
(1161, 34, 49, 18, 49, '2018-12-25'),
(1162, 19, 68, 3, 68, '2019-04-25'),
(1163, 3, 59, 3, 59, '2020-06-24'),
(1164, 3, 13, 20, 3, '2019-02-09'),
(1165, 79, 73, 14, 73, '2019-12-25'),
(1166, 15, 57, 19, 57, '2018-10-08'),
(1167, 16, 50, 9, 16, '2019-09-25'),
(1168, 39, 63, 1, 39, '2018-06-27'),
(1169, 33, 1, 16, 33, '2019-12-24'),
(1170, 12, 8, 6, 12, '2019-05-23'),
(1171, 76, 74, 7, 74, '2020-04-17'),
(1172, 8, 74, 4, 74, '2019-11-15'),
(1173, 17, 55, 15, 55, '2018-10-09'),
(1174, 65, 79, 17, 79, '2019-06-20'),
(1175, 45, 9, 3, 45, '2020-01-29'),
(1176, 14, 22, 20, 22, '2018-01-13'),
(1177, 58, 51, 1, 51, '2018-09-08'),
(1178, 66, 50, 16, 50, '2019-05-29'),
(1179, 23, 4, 12, 4, '2019-10-24'),
(1180, 27, 17, 3, 17, '2018-05-27'),
(1181, 6, 20, 20, 20, '2018-10-28'),
(1182, 8, 12, 6, 12, '2020-03-09'),
(1183, 46, 50, 15, 46, '2018-04-26'),
(1184, 9, 35, 17, 9, '2019-07-08'),
(1185, 47, 72, 2, 72, '2018-02-28'),
(1186, 23, 54, 14, 54, '2020-12-14'),
(1187, 19, 41, 20, 19, '2020-08-07'),
(1188, 14, 51, 13, 14, '2018-12-14'),
(1189, 4, 38, 6, 38, '2018-02-19'),
(1190, 64, 14, 8, 64, '2018-10-09'),
(1191, 17, 76, 12, 17, '2018-08-05'),
(1192, 43, 37, 4, 43, '2020-02-07'),
(1193, 77, 48, 1, 48, '2019-08-20'),
(1194, 45, 25, 18, 25, '2018-08-17'),
(1195, 13, 58, 1, 13, '2019-09-16'),
(1196, 79, 45, 16, 45, '2019-06-22'),
(1197, 54, 31, 15, 54, '2020-06-23'),
(1198, 70, 10, 14, 70, '2019-10-14'),
(1199, 32, 20, 16, 32, '2019-02-15'),
(1200, 62, 77, 10, 62, '2018-01-19'),
(1201, 4, 43, 6, 4, '2019-01-06'),
(1202, 77, 20, 18, 77, '2020-05-18'),
(1203, 17, 1, 15, 1, '2020-08-11'),
(1204, 30, 15, 9, 15, '2019-02-01'),
(1205, 39, 32, 1, 32, '2018-11-27'),
(1206, 54, 67, 20, 54, '2020-10-13'),
(1207, 29, 47, 4, 29, '2019-12-17'),
(1208, 65, 78, 6, 65, '2020-01-21'),
(1209, 40, 23, 16, 23, '2020-05-16'),
(1210, 70, 25, 3, 25, '2020-11-07'),
(1211, 63, 74, 13, 63, '2018-12-20'),
(1212, 12, 60, 13, 60, '2020-03-05'),
(1213, 1, 49, 18, 1, '2018-01-07'),
(1214, 10, 38, 14, 10, '2018-02-03'),
(1215, 44, 50, 18, 50, '2019-07-19'),
(1216, 37, 46, 4, 37, '2019-09-25'),
(1217, 51, 19, 4, 19, '2020-04-18'),
(1218, 13, 67, 6, 13, '2020-09-15'),
(1219, 45, 69, 13, 69, '2019-08-02'),
(1220, 20, 11, 4, 11, '2018-03-01'),
(1221, 73, 10, 16, 73, '2020-05-01'),
(1222, 9, 34, 3, 9, '2018-05-03'),
(1223, 12, 62, 5, 62, '2018-01-01'),
(1224, 71, 61, 18, 71, '2018-06-14'),
(1225, 33, 30, 6, 33, '2018-04-02'),
(1226, 49, 71, 18, 49, '2018-02-02'),
(1227, 39, 74, 14, 39, '2019-10-09'),
(1228, 4, 50, 20, 50, '2018-09-26'),
(1229, 3, 20, 3, 3, '2020-10-11'),
(1230, 13, 47, 15, 13, '2019-10-15'),
(1231, 2, 30, 13, 30, '2020-05-04'),
(1232, 59, 69, 5, 59, '2019-06-17'),
(1233, 79, 76, 4, 76, '2018-06-21'),
(1234, 36, 67, 16, 67, '2020-10-15'),
(1235, 56, 8, 18, 8, '2020-12-16'),
(1236, 33, 63, 16, 63, '2020-11-01'),
(1237, 28, 14, 5, 14, '2018-04-18'),
(1238, 38, 39, 11, 38, '2020-11-02'),
(1239, 3, 59, 19, 59, '2019-02-15'),
(1240, 72, 77, 8, 77, '2020-02-01'),
(1241, 50, 46, 4, 46, '2019-03-27'),
(1242, 77, 55, 15, 55, '2018-12-14'),
(1243, 49, 31, 11, 31, '2018-11-30'),
(1244, 62, 62, 11, 62, '2019-12-25'),
(1245, 6, 30, 10, 6, '2018-08-30'),
(1246, 13, 59, 14, 13, '2019-12-14'),
(1247, 48, 73, 16, 73, '2018-08-15'),
(1248, 10, 75, 6, 75, '2020-04-11'),
(1249, 26, 27, 17, 27, '2020-08-28'),
(1250, 50, 64, 19, 50, '2020-09-04'),
(1251, 38, 21, 18, 38, '2018-12-13'),
(1252, 55, 17, 5, 17, '2018-06-23'),
(1253, 68, 36, 14, 68, '2018-04-23'),
(1254, 36, 42, 17, 42, '2019-03-26'),
(1255, 74, 62, 16, 62, '2019-12-11'),
(1256, 13, 43, 4, 43, '2019-09-12'),
(1257, 29, 53, 9, 29, '2018-11-12'),
(1258, 63, 63, 7, 63, '2019-08-16'),
(1259, 75, 66, 1, 75, '2018-01-25'),
(1260, 76, 75, 17, 76, '2018-08-03'),
(1261, 62, 78, 8, 62, '2018-10-06'),
(1262, 40, 79, 7, 40, '2019-05-07'),
(1263, 56, 13, 5, 13, '2018-06-14'),
(1264, 16, 27, 14, 16, '2019-10-26'),
(1265, 65, 78, 3, 78, '2020-01-22'),
(1266, 70, 2, 9, 70, '2020-08-21'),
(1267, 43, 40, 3, 43, '2020-04-15'),
(1268, 21, 47, 2, 21, '2018-04-26'),
(1269, 75, 52, 1, 52, '2019-01-22'),
(1270, 35, 11, 19, 11, '2020-09-07'),
(1271, 17, 39, 20, 17, '2020-03-19'),
(1272, 31, 45, 13, 45, '2018-07-19'),
(1273, 49, 44, 15, 49, '2018-05-26'),
(1274, 77, 39, 13, 77, '2018-05-22'),
(1275, 34, 18, 7, 34, '2018-07-01'),
(1276, 78, 74, 20, 78, '2020-07-30'),
(1277, 22, 18, 14, 22, '2020-06-04'),
(1278, 37, 73, 20, 37, '2020-01-17'),
(1279, 49, 59, 8, 49, '2019-05-10'),
(1280, 1, 54, 16, 54, '2019-06-05'),
(1281, 58, 5, 18, 5, '2020-03-02'),
(1282, 77, 19, 9, 77, '2019-08-18'),
(1283, 43, 14, 17, 43, '2019-12-12'),
(1284, 51, 54, 15, 51, '2018-10-24'),
(1285, 39, 53, 8, 39, '2018-12-22'),
(1286, 5, 57, 12, 5, '2019-04-11'),
(1287, 9, 48, 1, 9, '2018-04-29'),
(1288, 7, 54, 14, 54, '2018-09-10'),
(1289, 21, 77, 19, 21, '2019-09-21'),
(1290, 1, 54, 10, 54, '2018-10-25'),
(1291, 17, 40, 2, 17, '2018-05-03'),
(1292, 64, 53, 10, 53, '2019-11-18'),
(1293, 25, 69, 10, 25, '2019-05-14'),
(1294, 45, 10, 11, 10, '2019-09-28'),
(1295, 29, 78, 11, 29, '2019-06-21'),
(1296, 48, 37, 14, 37, '2019-06-26'),
(1297, 67, 6, 2, 6, '2019-10-06'),
(1298, 11, 69, 13, 11, '2019-08-08'),
(1299, 3, 53, 10, 3, '2020-03-23'),
(1300, 55, 41, 5, 41, '2019-02-05'),
(1301, 29, 35, 20, 35, '2018-09-09'),
(1302, 30, 67, 2, 30, '2020-01-05'),
(1303, 54, 11, 2, 11, '2018-05-23'),
(1304, 57, 59, 12, 57, '2019-08-09'),
(1305, 13, 53, 14, 53, '2018-11-10'),
(1306, 56, 55, 11, 55, '2019-05-08'),
(1307, 12, 78, 2, 12, '2020-06-04'),
(1308, 23, 4, 3, 23, '2019-09-02'),
(1309, 51, 53, 19, 53, '2018-10-17'),
(1310, 48, 52, 6, 48, '2018-05-04'),
(1311, 13, 19, 19, 13, '2020-07-11'),
(1312, 47, 37, 12, 37, '2018-08-24'),
(1313, 76, 19, 18, 19, '2019-08-14'),
(1314, 32, 20, 15, 20, '2018-05-07'),
(1315, 28, 9, 5, 9, '2018-12-22'),
(1316, 68, 75, 7, 75, '2018-12-27'),
(1317, 72, 32, 17, 32, '2019-10-07'),
(1318, 26, 22, 11, 26, '2019-10-09'),
(1319, 76, 52, 3, 52, '2018-04-10'),
(1320, 70, 12, 19, 70, '2018-10-19'),
(1321, 34, 60, 18, 34, '2019-08-03'),
(1322, 16, 6, 5, 6, '2018-09-30'),
(1323, 5, 34, 20, 5, '2020-12-03'),
(1324, 43, 58, 11, 43, '2020-06-16'),
(1325, 50, 43, 2, 43, '2019-12-09'),
(1326, 44, 77, 11, 77, '2020-04-27'),
(1327, 2, 74, 17, 74, '2018-05-01'),
(1328, 66, 38, 4, 66, '2018-05-04'),
(1329, 30, 63, 14, 30, '2020-02-07'),
(1330, 22, 34, 10, 22, '2020-06-18'),
(1331, 76, 68, 17, 76, '2020-10-20'),
(1332, 53, 34, 19, 34, '2018-03-30'),
(1333, 24, 50, 3, 50, '2019-11-23'),
(1334, 70, 37, 10, 37, '2020-05-04'),
(1335, 62, 21, 16, 62, '2018-06-23'),
(1336, 8, 68, 4, 8, '2020-07-04'),
(1337, 8, 21, 15, 8, '2018-05-25'),
(1338, 77, 71, 11, 71, '2018-09-23'),
(1339, 34, 64, 1, 64, '2020-08-19'),
(1340, 40, 38, 10, 38, '2020-08-21'),
(1341, 33, 50, 9, 33, '2018-12-18'),
(1342, 35, 1, 13, 1, '2019-10-12'),
(1343, 32, 42, 12, 32, '2018-05-15'),
(1344, 60, 41, 17, 60, '2020-06-10'),
(1345, 49, 64, 20, 49, '2018-06-02'),
(1346, 15, 11, 8, 11, '2020-06-24'),
(1347, 20, 12, 13, 12, '2018-03-14'),
(1348, 41, 62, 11, 41, '2020-12-27'),
(1349, 51, 40, 18, 51, '2020-11-09'),
(1350, 65, 53, 16, 65, '2020-01-30'),
(1351, 3, 74, 12, 3, '2020-11-11'),
(1352, 16, 69, 16, 16, '2020-06-21'),
(1353, 37, 27, 18, 37, '2018-10-29'),
(1354, 33, 14, 12, 33, '2019-05-03'),
(1355, 74, 53, 14, 53, '2020-04-03'),
(1356, 43, 66, 11, 43, '2019-11-28'),
(1357, 34, 72, 3, 72, '2020-07-17'),
(1358, 32, 21, 2, 21, '2018-03-08'),
(1359, 46, 46, 14, 46, '2019-04-05'),
(1360, 60, 26, 14, 26, '2019-06-22'),
(1361, 40, 10, 1, 40, '2018-07-25'),
(1362, 7, 32, 17, 32, '2019-11-18'),
(1363, 44, 20, 1, 44, '2020-08-06'),
(1364, 29, 22, 20, 22, '2020-10-27'),
(1365, 39, 56, 19, 39, '2020-03-24'),
(1366, 32, 71, 17, 71, '2019-09-09'),
(1367, 64, 1, 8, 1, '2020-12-04'),
(1368, 77, 62, 19, 77, '2018-03-04'),
(1369, 47, 34, 20, 47, '2020-08-09'),
(1370, 1, 9, 18, 9, '2019-10-16'),
(1371, 35, 55, 4, 35, '2019-06-08'),
(1372, 22, 68, 6, 22, '2018-02-11'),
(1373, 54, 20, 14, 20, '2019-04-12'),
(1374, 22, 4, 11, 4, '2019-07-23'),
(1375, 2, 70, 10, 2, '2018-07-06'),
(1376, 21, 60, 15, 21, '2020-11-07'),
(1377, 63, 36, 9, 36, '2018-01-28'),
(1378, 29, 39, 16, 39, '2019-02-14'),
(1379, 47, 47, 5, 47, '2019-09-17'),
(1380, 66, 14, 1, 66, '2018-12-12'),
(1381, 66, 24, 13, 66, '2019-02-16'),
(1382, 16, 74, 2, 74, '2020-06-18'),
(1383, 51, 33, 4, 51, '2019-10-16'),
(1384, 50, 72, 6, 72, '2019-03-08'),
(1385, 77, 71, 4, 77, '2019-10-25'),
(1386, 12, 26, 4, 12, '2018-07-02'),
(1387, 16, 57, 18, 57, '2020-01-23'),
(1388, 6, 32, 14, 32, '2020-07-30'),
(1389, 37, 15, 4, 15, '2018-10-21'),
(1390, 69, 44, 4, 44, '2019-02-10'),
(1391, 52, 64, 3, 64, '2018-06-08'),
(1392, 5, 9, 7, 9, '2020-06-02'),
(1393, 6, 41, 5, 41, '2020-02-28'),
(1394, 53, 51, 20, 53, '2020-02-04'),
(1395, 19, 76, 6, 76, '2019-06-09'),
(1396, 26, 79, 12, 79, '2020-10-04'),
(1397, 9, 44, 18, 44, '2020-08-06'),
(1398, 3, 65, 1, 65, '2018-10-22'),
(1399, 7, 41, 4, 7, '2019-09-28'),
(1400, 32, 45, 6, 32, '2018-03-12'),
(1401, 21, 40, 10, 40, '2018-10-26'),
(1402, 17, 10, 9, 17, '2018-08-02'),
(1403, 29, 64, 2, 64, '2019-02-18'),
(1404, 26, 52, 12, 52, '2018-07-08'),
(1405, 71, 9, 11, 71, '2020-03-06'),
(1406, 46, 7, 14, 46, '2019-12-05'),
(1407, 70, 40, 13, 70, '2018-02-25'),
(1408, 7, 48, 17, 48, '2020-05-06'),
(1409, 70, 2, 10, 70, '2018-09-27'),
(1410, 72, 46, 8, 72, '2018-07-19'),
(1411, 71, 45, 5, 45, '2020-10-30'),
(1412, 12, 24, 16, 12, '2019-08-17'),
(1413, 3, 11, 11, 3, '2020-10-14'),
(1414, 69, 45, 12, 45, '2019-10-07'),
(1415, 53, 59, 5, 59, '2019-06-03'),
(1416, 55, 8, 8, 55, '2020-06-14'),
(1417, 67, 61, 5, 67, '2018-05-09'),
(1418, 55, 31, 2, 55, '2020-09-26'),
(1419, 22, 5, 13, 5, '2020-01-06'),
(1420, 51, 17, 3, 51, '2019-01-01'),
(1421, 72, 47, 18, 47, '2018-01-15'),
(1422, 27, 18, 20, 27, '2019-09-08'),
(1423, 20, 57, 8, 20, '2018-07-02'),
(1424, 74, 17, 19, 17, '2020-12-13'),
(1425, 77, 61, 16, 61, '2018-04-05'),
(1426, 29, 44, 2, 44, '2018-06-04'),
(1427, 50, 26, 4, 26, '2020-07-17'),
(1428, 45, 32, 6, 32, '2020-06-20'),
(1429, 19, 33, 4, 33, '2018-12-22'),
(1430, 64, 20, 5, 20, '2019-01-19'),
(1431, 8, 12, 20, 8, '2020-05-07'),
(1432, 72, 46, 4, 72, '2020-09-23'),
(1433, 37, 33, 15, 37, '2018-05-12'),
(1434, 28, 75, 2, 28, '2019-10-16'),
(1435, 17, 26, 13, 17, '2018-05-04'),
(1436, 10, 79, 2, 10, '2019-12-29'),
(1437, 40, 59, 4, 59, '2019-03-18'),
(1438, 22, 72, 5, 22, '2020-01-08'),
(1439, 31, 72, 4, 31, '2019-09-23'),
(1440, 1, 65, 12, 1, '2018-03-21'),
(1441, 26, 20, 7, 26, '2019-04-03'),
(1442, 52, 8, 18, 8, '2018-05-30'),
(1443, 38, 53, 17, 38, '2020-12-19'),
(1444, 4, 39, 3, 4, '2018-10-01'),
(1445, 17, 78, 8, 78, '2020-10-22'),
(1446, 40, 66, 3, 66, '2019-03-11'),
(1447, 71, 40, 20, 71, '2020-09-12'),
(1448, 25, 79, 1, 25, '2018-03-21');
INSERT INTO `luta` (`id`, `lutador_id1`, `lutador_id2`, `cenario_id`, `vencedor_id`, `data`) VALUES
(1449, 29, 46, 9, 46, '2018-04-12'),
(1450, 42, 42, 17, 42, '2018-03-03'),
(1451, 26, 25, 14, 25, '2020-11-11'),
(1452, 13, 1, 12, 13, '2020-11-06'),
(1453, 38, 24, 2, 24, '2019-11-03'),
(1454, 17, 55, 11, 55, '2019-06-25'),
(1455, 36, 12, 19, 12, '2018-11-12'),
(1456, 24, 23, 19, 23, '2019-06-22'),
(1457, 38, 5, 11, 38, '2019-01-11'),
(1458, 47, 51, 14, 51, '2018-01-23'),
(1459, 6, 3, 14, 3, '2020-02-27'),
(1460, 36, 52, 12, 36, '2020-12-11'),
(1461, 30, 25, 17, 25, '2020-06-03'),
(1462, 51, 78, 14, 51, '2018-07-24'),
(1463, 19, 7, 1, 19, '2018-05-12'),
(1464, 17, 3, 18, 3, '2020-05-29'),
(1465, 51, 30, 4, 30, '2020-04-12'),
(1466, 40, 48, 16, 48, '2018-03-22'),
(1467, 36, 38, 9, 38, '2020-03-12'),
(1468, 16, 41, 20, 16, '2020-12-23'),
(1469, 69, 44, 13, 44, '2019-06-15'),
(1470, 30, 29, 19, 29, '2020-01-17'),
(1471, 4, 27, 13, 4, '2020-03-19'),
(1472, 6, 79, 2, 6, '2020-06-27'),
(1473, 20, 60, 14, 60, '2020-11-09'),
(1474, 30, 37, 5, 30, '2019-09-21'),
(1475, 57, 78, 14, 78, '2020-09-21'),
(1476, 28, 67, 16, 67, '2019-12-08'),
(1477, 46, 22, 18, 46, '2020-04-11'),
(1478, 60, 56, 18, 56, '2020-03-20'),
(1479, 38, 33, 10, 33, '2019-05-11'),
(1480, 69, 75, 14, 75, '2020-04-14'),
(1481, 53, 4, 4, 53, '2019-10-06'),
(1482, 27, 51, 6, 27, '2018-02-08'),
(1483, 21, 2, 7, 21, '2018-09-26'),
(1484, 67, 61, 6, 61, '2020-01-28'),
(1485, 27, 76, 4, 27, '2020-01-02'),
(1486, 75, 72, 9, 75, '2020-09-15'),
(1487, 18, 4, 16, 4, '2019-04-25'),
(1488, 68, 51, 11, 51, '2020-09-15'),
(1489, 23, 45, 2, 23, '2019-07-19'),
(1490, 70, 30, 19, 70, '2019-06-25'),
(1491, 23, 23, 20, 23, '2018-12-06'),
(1492, 19, 75, 15, 75, '2019-08-21'),
(1493, 2, 57, 8, 2, '2019-08-24'),
(1494, 37, 63, 18, 37, '2020-01-11'),
(1495, 39, 20, 3, 39, '2019-08-01'),
(1496, 52, 72, 11, 52, '2020-06-22'),
(1497, 51, 21, 6, 51, '2020-07-27'),
(1498, 40, 27, 19, 40, '2019-06-15'),
(1499, 63, 60, 16, 63, '2018-07-17'),
(1500, 8, 16, 17, 8, '2020-03-27'),
(1501, 44, 68, 9, 68, '2019-05-03'),
(1502, 9, 29, 2, 9, '2018-03-10'),
(1503, 12, 20, 15, 20, '2018-09-02'),
(1504, 30, 35, 1, 30, '2019-09-25'),
(1505, 3, 33, 10, 33, '2019-01-07'),
(1506, 78, 31, 8, 31, '2019-08-17'),
(1507, 61, 31, 3, 31, '2018-06-06'),
(1508, 6, 14, 4, 6, '2019-09-24'),
(1509, 78, 26, 16, 78, '2020-03-11'),
(1510, 28, 24, 5, 24, '2018-03-15'),
(1511, 75, 62, 15, 62, '2020-08-17'),
(1512, 56, 54, 2, 54, '2020-02-12'),
(1513, 24, 50, 15, 50, '2019-05-18'),
(1514, 6, 38, 10, 38, '2019-02-05'),
(1515, 10, 65, 18, 10, '2018-05-25'),
(1516, 72, 53, 11, 53, '2020-07-15');

-- --------------------------------------------------------

--
-- Estrutura da tabela `lutador`
--

CREATE TABLE `lutador` (
  `id` int(11) NOT NULL,
  `nome` varchar(100) DEFAULT NULL,
  `mundo_id` int(11) NOT NULL
) ENGINE=InnoDB DEFAULT CHARSET=utf8;

--
-- Extraindo dados da tabela `lutador`
--

INSERT INTO `lutador` (`id`, `nome`, `mundo_id`) VALUES
(1, 'Liu Kang', 2),
(2, 'Scorpion', 2),
(3, 'Raiden', 1),
(4, 'Johnny Cage', 1),
(5, 'Sub-Zero', 2),
(6, 'Sonya Blade', 1),
(7, 'Kano', 1),
(8, 'Reptile', 2),
(9, 'Goro', 2),
(10, 'Shang Tsung', 2),
(11, 'Noob Saibot', 1),
(12, 'Jax Briggs', 1),
(13, 'Kitana', 1),
(14, 'Kung Lao', 1),
(15, 'Baraka', 1),
(16, 'Mileena', 1),
(17, 'Kintaro', 1),
(18, 'Shao Kahn', 1),
(19, 'Jade', 1),
(20, 'Smoke', 1),
(21, 'Cyrax', 1),
(22, 'Sektor', 1),
(23, 'Nightwolf', 1),
(24, 'Kabal', 1),
(25, 'Sindel', 2),
(26, 'Sheeva', 1),
(27, 'Kurtis Stryker', 2),
(28, 'Motaro', 1),
(29, 'Ermac', 1),
(30, 'Rain', 2),
(31, 'Chameleon', 2),
(32, 'Khameleon', 1),
(33, 'Quan Chi', 2),
(34, 'Tanya', 2),
(35, 'Fujin', 2),
(36, 'Jarek', 1),
(37, 'Kai', 2),
(38, 'Reiko', 1),
(39, 'Shinnok', 2),
(40, 'Meat', 2),
(41, 'Blaze', 1),
(42, 'Kenshi', 2),
(43, 'Bo\' Rai Cho', 2),
(44, 'Li Mei', 2),
(45, 'Mavado', 2),
(46, 'Frost', 1),
(47, 'Nitara', 1),
(48, 'Hsu Hao', 2),
(49, 'Drahmin', 2),
(50, 'Mokap', 2),
(51, 'Moloch', 2),
(52, 'Sareena', 1),
(53, 'Ashrah', 2),
(54, 'Darrius', 2),
(55, 'Dairou', 2),
(56, 'Havik', 2),
(57, 'Hotaru', 1),
(58, 'Kira', 2),
(59, 'Kobra', 1),
(60, 'Onaga', 2),
(61, 'Shujinko', 2),
(62, 'Daegon', 1),
(63, 'Taven', 1),
(64, 'Skarlet', 2),
(65, 'Cyber Sub-Zero', 1),
(66, 'D\'Vorah', 1),
(67, 'Ferra/Torr', 1),
(68, 'Kotal Kahn', 1),
(69, 'Cassie Cage', 2),
(70, 'Takeda', 2),
(71, 'Jacqui Briggs', 1),
(72, 'Erron Black', 1),
(73, 'Kung Jin', 1),
(74, 'Tremor', 1),
(75, 'Triborg', 2),
(76, 'Geras', 2),
(77, 'Kollector', 1),
(78, 'Cetrion', 2),
(79, 'Kronika', 2);

-- --------------------------------------------------------

--
-- Estrutura da tabela `lutador_tem_cenario`
--

CREATE TABLE `lutador_tem_cenario` (
  `lutador_id` int(11) NOT NULL,
  `cenario_id` int(11) NOT NULL
) ENGINE=InnoDB DEFAULT CHARSET=utf8;

--
-- Extraindo dados da tabela `lutador_tem_cenario`
--

INSERT INTO `lutador_tem_cenario` (`lutador_id`, `cenario_id`) VALUES
(1, 10),
(2, 4),
(2, 13),
(3, 10),
(4, 9),
(5, 3),
(6, 4),
(6, 7),
(7, 10),
(8, 3),
(9, 3),
(10, 15),
(11, 10),
(11, 14),
(11, 19),
(12, 3),
(13, 7),
(14, 19),
(15, 4),
(16, 5),
(17, 15),
(18, 4),
(18, 18),
(19, 8),
(20, 4),
(20, 10),
(20, 20),
(21, 20),
(22, 12),
(23, 11),
(24, 6),
(25, 7),
(26, 10),
(27, 6),
(27, 9),
(28, 19),
(29, 4),
(30, 2),
(31, 1),
(31, 8),
(32, 11),
(32, 17),
(33, 15),
(34, 11),
(34, 12),
(35, 6),
(36, 9),
(37, 10),
(38, 7),
(39, 18),
(40, 5),
(41, 3),
(42, 3),
(43, 2),
(43, 13),
(44, 18),
(45, 18),
(46, 3),
(46, 13),
(47, 6),
(48, 20),
(49, 7),
(50, 17),
(51, 15),
(52, 15),
(53, 9),
(54, 1),
(55, 4),
(56, 7),
(57, 2),
(58, 10),
(59, 12),
(60, 17),
(61, 15),
(62, 5),
(63, 16),
(64, 4),
(65, 16),
(65, 18),
(66, 13),
(67, 16),
(68, 1),
(68, 4),
(69, 2),
(69, 6),
(70, 10),
(70, 14),
(70, 20),
(71, 6),
(72, 12),
(72, 14),
(72, 17),
(72, 18),
(73, 9),
(73, 19),
(74, 12),
(74, 14),
(75, 1),
(75, 5),
(75, 6),
(76, 5),
(77, 16),
(78, 5),
(78, 15),
(79, 17);

-- --------------------------------------------------------

--
-- Estrutura da tabela `mundo`
--

CREATE TABLE `mundo` (
  `id` int(11) NOT NULL,
  `nome` varchar(100) DEFAULT NULL
) ENGINE=InnoDB DEFAULT CHARSET=utf8;

--
-- Extraindo dados da tabela `mundo`
--

INSERT INTO `mundo` (`id`, `nome`) VALUES
(1, 'Terra'),
(2, 'Outworld');

--
-- Indexes for dumped tables
--

--
-- Indexes for table `cenario`
--
ALTER TABLE `cenario`
  ADD PRIMARY KEY (`id`),
  ADD KEY `fk_cenario_mundo1_idx` (`mundo_id`);

--
-- Indexes for table `luta`
--
ALTER TABLE `luta`
  ADD PRIMARY KEY (`id`),
  ADD KEY `fk_lutador_has_lutador_lutador1_idx` (`lutador_id2`),
  ADD KEY `fk_lutador_has_lutador_lutador_idx` (`lutador_id1`),
  ADD KEY `fk_lutador_has_lutador_cenario1_idx` (`cenario_id`);

--
-- Indexes for table `lutador`
--
ALTER TABLE `lutador`
  ADD PRIMARY KEY (`id`),
  ADD KEY `fk_lutador_mundo1_idx` (`mundo_id`);

--
-- Indexes for table `lutador_tem_cenario`
--
ALTER TABLE `lutador_tem_cenario`
  ADD PRIMARY KEY (`lutador_id`,`cenario_id`),
  ADD KEY `fk_lutador_has_cenario_cenario1_idx` (`cenario_id`),
  ADD KEY `fk_lutador_has_cenario_lutador1_idx` (`lutador_id`);

--
-- Indexes for table `mundo`
--
ALTER TABLE `mundo`
  ADD PRIMARY KEY (`id`);

--
-- AUTO_INCREMENT for dumped tables
--

--
-- AUTO_INCREMENT for table `cenario`
--
ALTER TABLE `cenario`
  MODIFY `id` int(11) NOT NULL AUTO_INCREMENT, AUTO_INCREMENT=21;

--
-- AUTO_INCREMENT for table `luta`
--
ALTER TABLE `luta`
  MODIFY `id` int(11) NOT NULL AUTO_INCREMENT, AUTO_INCREMENT=1517;

--
-- AUTO_INCREMENT for table `lutador`
--
ALTER TABLE `lutador`
  MODIFY `id` int(11) NOT NULL AUTO_INCREMENT, AUTO_INCREMENT=80;

--
-- AUTO_INCREMENT for table `mundo`
--
ALTER TABLE `mundo`
  MODIFY `id` int(11) NOT NULL AUTO_INCREMENT, AUTO_INCREMENT=3;

--
-- Constraints for dumped tables
--

--
-- Limitadores para a tabela `cenario`
--
ALTER TABLE `cenario`
  ADD CONSTRAINT `fk_cenario_mundo1` FOREIGN KEY (`mundo_id`) REFERENCES `mundo` (`id`) ON DELETE NO ACTION ON UPDATE NO ACTION;

--
-- Limitadores para a tabela `luta`
--
ALTER TABLE `luta`
  ADD CONSTRAINT `fk_lutador_has_lutador_cenario1` FOREIGN KEY (`cenario_id`) REFERENCES `cenario` (`id`) ON DELETE NO ACTION ON UPDATE NO ACTION,
  ADD CONSTRAINT `fk_lutador_has_lutador_lutador` FOREIGN KEY (`lutador_id1`) REFERENCES `lutador` (`id`) ON DELETE NO ACTION ON UPDATE NO ACTION,
  ADD CONSTRAINT `fk_lutador_has_lutador_lutador1` FOREIGN KEY (`lutador_id2`) REFERENCES `lutador` (`id`) ON DELETE NO ACTION ON UPDATE NO ACTION;

--
-- Limitadores para a tabela `lutador`
--
ALTER TABLE `lutador`
  ADD CONSTRAINT `fk_lutador_mundo1` FOREIGN KEY (`mundo_id`) REFERENCES `mundo` (`id`) ON DELETE NO ACTION ON UPDATE NO ACTION;

--
-- Limitadores para a tabela `lutador_tem_cenario`
--
ALTER TABLE `lutador_tem_cenario`
  ADD CONSTRAINT `fk_lutador_has_cenario_cenario1` FOREIGN KEY (`cenario_id`) REFERENCES `cenario` (`id`) ON DELETE NO ACTION ON UPDATE NO ACTION,
  ADD CONSTRAINT `fk_lutador_has_cenario_lutador1` FOREIGN KEY (`lutador_id`) REFERENCES `lutador` (`id`) ON DELETE NO ACTION ON UPDATE NO ACTION;
COMMIT;

/*!40101 SET CHARACTER_SET_CLIENT=@OLD_CHARACTER_SET_CLIENT */;
/*!40101 SET CHARACTER_SET_RESULTS=@OLD_CHARACTER_SET_RESULTS */;
/*!40101 SET COLLATION_CONNECTION=@OLD_COLLATION_CONNECTION */;
